Title,Coder,Year,Q0,Q1,Q1A,Q2,Q2A,Q3,Q3A,Q4,Q4A,Q5,Q5A,Q6,Q6A,Q6.5,Q6.5A,Q7,Q7A,Q8,Q8A,Q9,Q9A,Q10,Q10A,Q11,Q12,Q13,Q14,Q15,Q16,Q17,Q18,Q19,Q20,Q21,Q22,Q23,Q24,Q25,Q26,Q27,Q28,Q29,Q30,Q31,Q32,Q33,Q34,Q35,Q36,Q37,Q38,Q39,Q40,Q41,Q42,Q43,Q44,Q45,Q46,Q47,Q48,Q49,Q50,Q51,Q52,Q53,Q54,Q55,Q56,Q57,Q58,Q59,Q60,Q61,Q62,Q63,Q64,Q65,Q66,Q67,Q68,Q69,Q70,Q71,Q72,Q73,Q74,Q75,Q76,Q77,Q78,Q79,Q80,Q81,Q82,Q83,Q84,Q85,Q86,Q87,Q88,Q89,Q90,Q91,Q92,Q93,Q94,Q95,Q96,Q97,Q98,Q99,Q100,Q101,Q102,Q103,Q104
The Hangover Part III,Adria,2013,Present,No,,No,,No,,No,,No,,No,,,,No,,No,,No,,No,,No,,2,0,0,0,,,,,,,,,,,,,,,,,,,,,,,,,,,,,,,,,,,,,,,,,,,,,,,,,,,,,,,,,,,,,,,,,,,,,,,,,,,,,,,,,,,,,,,,
We're the Millers,Zoky,2013,Present,No,,No,,No,,No,,No,,No,,,,No,,No,,No,,No,,No,,4,0,0,0,,,,,,,,,,,,,,,,,,,,,,,,,,,,,,,,,,,,,,,,,,,,,,,,,,,,,,,,,,,,,,,,,,,,,,,,,,,,,,,,,,,,,,,,
The Suicide Squad,Zoky,2021,Present,No,,No,,No,,No,,No,,No,,,,Yes,,No,,No,,No,,No,,0,0,0,0,,,,,,,,,,,,,,,,,,,,,,,,,,,,,,,,,,,,,,,,,,,,,,,,,,,,,,,,,,,,,,,,,,,,,,,,,,,,,,,,,,,,,,,,
The Batman,Zoky,2022,Present,Yes,Humans,No,,No,,No,,No,,No,,,,Yes,,Yes,Humans,No,,No,,No,,0,6,0,0,Unclear,It’s unclear,1,,,,,,,0,0,,,,,,,,,,,,,,,,,,,,,,,,,,,,,,,,,,,,,,,,,,,,,,,,,,,,,,,,,,,,,,,,,,,,,,,,,,,,,
Bullet Train,Matthew,2022,"Past, Present",No,,No,,No,,No,,No,,No,,,,No,,No,,No,,No,,No,,0,15,0,0,,,,,,,,,,,,,,,,,,,,,,,,,,,,,,,,,,,,,,,,,,,,,,,,,,,,,,,,,,,,,,,,,,,,,,,,,,,,,,,,,,,,,,,,
The Unforgivable,Matthew,2021,"Past, Present",No,,No,,No,,No,,No,,No,,,,No,,No,,No,,No,,No,,0,1,0,0,,,,,,,,,,,,,,,,,,,,,,,,,,,,,,,,,,,,,,,,,,,,,,,,,,,,,,,,,,,,,,,,,,,,,,,,,,,,,,,,,,,,,,,,
Extraction,Moya,2020,Present,No,,No,,Yes,Humans,No,,No,,No,,,,No,,No,,No,,No,,No,,0,0,0,0,Minor problem(s) in terms of gravity and/or urgency that the world need not be that concerned about,It’s unclear,0,0,5,0,0,0,0,0,0,,,,,,,,,,,,,,,,,,,,,,,,,,,,,,,,,,,,,,,,,,,,,,,,,,,,,,,,,,,,,,,,,,,,,,,,,,,,,
Eurovision Song Contest: The Story of Fire Saga,Moya,2020,Present,No,,No,,No,,No,,No,,No,,,,No,,No,,No,,No,,No,,1,2,0,0,,,,,,,,,,,,,,,,,,,,,,,,,,,,,,,,,,,,,,,,,,,,,,,,,,,,,,,,,,,,,,,,,,,,,,,,,,,,,,,,,,,,,,,,
John Wick,Moya,2014,Present,No,,No,,No,,No,,No,,No,,,,No,,No,,No,,No,,No,,0,1,0,0,,,,,,,,,,,,,,,,,,,,,,,,,,,,,,,,,,,,,,,,,,,,,,,,,,,,,,,,,,,,,,,,,,,,,,,,,,,,,,,,,,,,,,,,
The Lost City,Moya,2022,Present,No,,No,,No,,No,,No,,No,,,,No,,No,,No,,No,,No,,7,0,0,0,,,,,,,,,,,,,,,,,,,,,,,,,,,,,,,,,,,,,,,,,,,,,,,,,,,,,,,,,,,,,,,,,,,,,,,,,,,,,,,,,,,,,,,,
Batman v Superman: Dawn of Justice,Moya,2016,Present,No,,No,,No,,No,,No,,Yes,Outside force,,,No,,No,,No,,No,,No,,0,1,0,0,Minor problem(s) in terms of gravity and/or urgency that the world need not be that concerned about,It’s unclear,0,0,0,0,0,1,0,0,0,,,,,,,,,,,,,,,,,,,,,,,,,,,,,,,,,,,,,,,,,,,,,,,,,,,,,,,,,,,,,,,,,,,,,,,,,,,,,
Midsommar,Matthew,2019,Present,Yes,Humans,No,,No,,No,,No,,No,,,,No,,No,,No,,No,,No,,5,0,0,0,Minor problem(s) in terms of gravity and/or urgency that the world need not be that concerned about,It’s unclear,1,,,,,,,9,,No,No,0,0,0,0,0,Siv,9,Negative,"No, they stay the same",Woman (cis or trans),White,31-64,,,,,,,,,,,,,,,,,,,,,,,,,,,,,,,,,,,,,,,,,,,,,,,,,,,,,,,,,,,,,,,
Smile,Dominic,2022,Present,No,,No,,No,,No,,No,,No,,,,No,,No,,No,,No,,No,,0,0,0,0,,,,,,,,,,,,,,,,,,,,,,,,,,,,,,,,,,,,,,,,,,,,,,,,,,,,,,,,,,,,,,,,,,,,,,,,,,,,,,,,,,,,,,,,
Fifty Shades of Grey,Dominic,2015,Present,No,,No,,No,,No,,No,,No,,,,No,,No,,No,,No,,No,,2,0,0,0,,,,,,,,,,,,,,,,,,,,,,,,,,,,,,,,,,,,,,,,,,,,,,,,,,,,,,,,,,,,,,,,,,,,,,,,,,,,,,,,,,,,,,,,
Hereditary,Dominic,2018,Present,No,,No,,No,,No,,No,,No,,,,No,,No,,No,,No,,No,,0,0,1,0,,,,,,,,,,,,,,,,,,,,,,,,,,,,,,,,,,,,,,,,,,,,,,,,,,,,,,,,,,,,,,,,,,,,,,,,,,,,,,,,,,,,,,,,
365 dni,Moya,2020,Present,No,,No,,No,,No,,No,,No,,,,No,,No,,No,,No,,No,,9,0,0,0,,,,,,,,,,,,,,,,,,,,,,,,,,,,,,,,,,,,,,,,,,,,,,,,,,,,,,,,,,,,,,,,,,,,,,,,,,,,,,,,,,,,,,,,
Doctor Strange in the Multiverse of Madness,Dominic,2022,Present,No,,No,,No,,No,,No,,No,,,,No,,No,,No,,No,,No,,0,1,0,0,,,,,,,,,,,,,,,,,,,,,,,,,,,,,,,,,,,,,,,,,,,,,,,,,,,,,,,,,,,,,,,,,,,,,,,,,,,,,,,,,,,,,,,,
Mission: Impossible - Rogue Nation,Adria,2015,Present,No,,No,,Yes,,No,,No,,No,,,,No,,No,,No,,No,,No,,3,1,0,0,Minor problem(s) in terms of gravity and/or urgency that the world need not be that concerned about,It’s unclear,0,0,1,0,0,0,0,0,0,No,No,0,0,0,0,0,,,,,,,,,,,,,,,,,,,,,,,,,,,,,,,,,,,,,,,,,,,,,,,,,,,,,,,,,,,,,,,,,,,,,,
F9,Dominic,2021,Present,No,,No,,No,,No,,No,,No,,,,No,,No,,No,,No,,No,,9,0,0,0,,,,,,,,,,,,,,,,,,,,,,,,,,,,,,,,,,,,,,,,,,,,,,,,,,,,,,,,,,,,,,,,,,,,,,,,,,,,,,,,,,,,,,,,
Black Panther: Wakanda Forever,Adria,2022,Present,No,,No,,No,,No,,No,,No,,,,No,,Yes,Outside force,No,,No,,No,,0,0,0,0,Minor problem(s) in terms of gravity and/or urgency that the world need not be that concerned about,It’s unclear,0,0,0,0,0,0,0,0,0,No,No,0,0,0,0,0,,,,,,,,,,,,,,,,,,,,,,,,,,,,,,,,,,,,,,,,,,,,,,,,,,,,,,,,,,,,,,,,,,,,,,
Spider-Man: Homecoming,Adria,2017,Present,No,,No,,No,,No,,No,,No,,,,No,,No,,No,,No,,No,,2,1,1,0,,,,,,,,,,,,,,,,,,,,,,,,,,,,,,,,,,,,,,,,,,,,,,,,,,,,,,,,,,,,,,,,,,,,,,,,,,,,,,,,,,,,,,,,
Rampage,Adria,2018,"Past, Present",No,,No,,No,,No,,Yes,Humans,No,,,,No,,No,,No,,No,,No,,0,0,0,0,Unclear,It’s unclear,0,0,0,0,4,0,1,0,3,Yes,Yes,0,3,0,0,0,Davis Okoye,1,Positive,"No, they stay the same",Man (cis or trans),Mixed/other,31-64,Dr. Kate Caldwell,2,Positive,"No, they don’t change",Woman (cis or trans),Black/African American,31-64,Connor,10,Positive,"No, they don’t change",Man (cis or trans),White,31-64,,,,,,,,,,,,,,,,,,,,,,,,,,,,,,,,,,,,,,,,,,,,,,,,,
Ready or Not,Moya,2019,Present,No,,No,,No,,No,,No,,No,,,,No,,No,,No,,No,,No,,0,0,0,0,,,,,,,,,,,,,,,,,,,,,,,,,,,,,,,,,,,,,,,,,,,,,,,,,,,,,,,,,,,,,,,,,,,,,,,,,,,,,,,,,,,,,,,,
Soul,Moya,2020,Present,No,,No,,No,,No,,No,,No,,,,No,,No,,No,,No,,No,,0,2,0,0,,,,,,,,,,,,,,,,,,,,,,,,,,,,,,,,,,,,,,,,,,,,,,,,,,,,,,,,,,,,,,,,,,,,,,,,,,,,,,,,,,,,,,,,
The World's End,Dominic,2013,Present,No,,No,,Yes,,No,,No,,No,,,,No,,No,,No,,No,,Yes,electrical storms,0,0,0,0,Unclear,It’s unclear,0,0,1,0,0,0,0,0,0,No,No,0,0,0,0,0,,,,,,,,,,,,,,,,,,,,,,,,,,,,,,,,,,,,,,,,,,,,,,,,,,,,,,,,,,,,,,,,,,,,,,
John Wick: Chapter 3 - Parabellum,Zoky,2019,Present,No,,No,,No,,No,,No,,No,,,,Yes,,No,,No,,No,,No,,0,1,0,0,,,,,,,,,,,,,,,,,,,,,,,,,,,,,,,,,,,,,,,,,,,,,,,,,,,,,,,,,,,,,,,,,,,,,,,,,,,,,,,,,,,,,,,,
Get Out,Zoky,2017,Present,No,,No,,No,,No,,No,,No,,,,No,,No,,No,,No,,No,,0,0,0,0,,,,,,,,,,,,,,,,,,,,,,,,,,,,,,,,,,,,,,,,,,,,,,,,,,,,,,,,,,,,,,,,,,,,,,,,,,,,,,,,,,,,,,,,
Nope,Dominic,2022,Present,No,,No,,No,,No,,No,,No,,,,No,,Yes,Outside force,No,,No,,No,,0,0,0,0,,,,,,,,,,,,,,,,,,,,,,,,,,,,,,,,,,,,,,,,,,,,,,,,,,,,,,,,,,,,,,,,,,,,,,,,,,,,,,,,,,,,,,,,
Avengers: Age of Ultron,Adria,2015,Present,No,,No,,No,,No,,No,,No,,,,No,,No,,No,,No,,No,,0,0,0,0,,,,,,,,,,,,,,,,,,,,,,,,,,,,,,,,,,,,,,,,,,,,,,,,,,,,,,,,,,,,,,,,,,,,,,,,,,,,,,,,,,,,,,,,
Molly's Game,Adria,2017,"Past, Present",No,,No,,No,,No,,No,,No,,,,No,,No,,No,,No,,No,,1,0,0,0,,,,,,,,,,,,,,,,,,,,,,,,,,,,,,,,,,,,,,,,,,,,,,,,,,,,,,,,,,,,,,,,,,,,,,,,,,,,,,,,,,,,,,,,
Dil Bechara,Dominic,2020,Present,No,,No,,Yes,,No,,No,,No,,,,No,,No,,No,,No,,No,,3,0,0,0,Minor problem(s) in terms of gravity and/or urgency that the world need not be that concerned about,It’s unclear,0,0,2,0,0,0,0,0,0,No,No,0,0,0,0,0,,,,,,,,,,,,,,,,,,,,,,,,,,,,,,,,,,,,,,,,,,,,,,,,,,,,,,,,,,,,,,,,,,,,,,
Edge of Tomorrow,Jerald,2014,Future,No,,No,,No,,No,,No,,No,,,,No,,No,,No,,No,,No,,0,0,0,0,,,0,0,0,0,0,0,0,0,0,,,,,,,,,,,,,,,,,,,,,,,,,,,,,,,,,,,,,,,,,,,,,,,,,,,,,,,,,,,,,,,,,,,,,,,,,,,,,
The Hunt,Dominic,2020,"Past, Present",Yes,Humans,No,,No,,No,,No,,No,,,,No,,No,,No,,No,,No,,10,7,0,0,Minor problem(s) in terms of gravity and/or urgency that the world need not be that concerned about,It’s unclear,2,0,0,0,0,0,0,2,0,Yes,No,0,0,0,0,0,Pop,11,Negative,"No, they stay the same",Man (cis or trans),White,31-64,Ma,10,Negative,"No, they don’t change",Woman (cis or trans),White,31-64,,,,,,,,,,,,,,,,,,,,,,,,,,,,,,,,,,,,,,,,,,,,,,,,,,,,,,,,
Searching,Matthew,2018,"Past, Present",No,,No,,No,,No,,No,,No,,,,No,,No,,No,,No,,No,,0,0,0,0,,,,,,,,,0,,,,,,,,,,,,,,,,,,,,,,,,,,,,,,,,,,,,,,,,,,,,,,,,,,,,,,,,,,,,,,,,,,,,,,,,,,,,,,,
Room,Matthew,2015,Present,No,,No,,No,,No,,No,,No,,No,,No,,No,,No,,No,,No,,0,0,0,0,,,,,,,,,,,,,,,,,,,,,,,,,,,,,,,,,,,,,,,,,,,,,,,,,,,,,,,,,,,,,,,,,,,,,,,,,,,,,,,,,,,,,,,,
22 Jump Street,Zoky,2014,Present,No,,No,,No,,No,,Yes,Humans,No,,No,,No,,No,,No,,No,,No,,0,0,0,0,Unclear,It’s unclear,,,,,1,,,,2,No,No,,,,,,Schmidt,1,Mixed or ambivalent,"No, they stay the same",Man (cis or trans),White,18-30,Jenko,2,Mixed or ambivalent,"No, they don’t change",Man (cis or trans),White,18-30,,,,,,,,,,,,,,,,,,,,,,,,,,,,,,,,,,,,,,,,,,,,,,,,,,,,,,,,
Borat Subsequent Moviefilm: Delivery of Prodigious Bribe to American Regime for Make Benefit Once Glorious Nation of Kazakhstan,Zoky,2020,Present,No,,No,,No,,No,,No,,No,,No,,No,,No,,No,,No,,No,,0,1,0,0,,,,,,,,,,,,,,,,,,,,,,,,,,,,,,,,,,,,,,,,,,,,,,,,,,,,,,,,,,,,,,,,,,,,,,,,,,,,,,,,,,,,,,,,
Shazam!,Zoky,2019,Present,No,,No,,No,,No,,No,,No,,No,,No,,No,,No,,No,,No,,0,1,0,1,,,,,,,,,,,,,,,,,,,,,,,,,,,,,,,,,,,,,,,,,,,,,,,,,,,,,,,,,,,,,,,,,,,,,,,,,,,,,,,,,,,,,,,,
Free Guy,Zoky,2021,Present,No,,No,,No,,No,,No,,No,,No,,No,,No,,No,,No,,No,,0,0,0,0,,,,,,,,,,,,,,,,,,,,,,,,,,,,,,,,,,,,,,,,,,,,,,,,,,,,,,,,,,,,,,,,,,,,,,,,,,,,,,,,,,,,,,,,
Zack Snyder's Justice League,Dominic,2021,Present,Yes,Humans,No,,No,,No,,No,,No,,Yes,Humans,Yes,Outside force,No,,No,,No,,No,,4,2,0,0,Minor problem(s) in terms of gravity and/or urgency that the world need not be that concerned about,It’s unclear,1,0,0,0,0,0,2,1,5,No,No,0,0,0,0,0,Batman,1,Mixed or ambivalent,"No, they stay the same",Man (cis or trans),White,31-64,Wonder Woman,4,Positive,"No, they don’t change",Woman (cis or trans),Mixed/other,31-64,Cyborg,5,Positive,"No, they don’t change",Man (cis or trans),Black/African American,18-30,Aquaman,6,Mixed or ambivalent,"No, they don’t change",Man (cis or trans),East Asian/Pacific Islander,31-64,The Flash,7,Positive,"No, they don’t change",Man (cis or trans),White,18-30,Steppenwolf,14,Negative,"No, they don’t change",Unclear,Can’t tell/unable to judge/not applicable,Unclear,,,,,,,,,,,,,,,,,,,,,,,,,,,,
The Meg,Adria,2018,"Past, Present",No,,No,,No,,No,,Yes,Humans,Yes,Humans,No,,No,,No,,No,,No,,No,,0,0,0,0,Minor problem(s) in terms of gravity and/or urgency that the world need not be that concerned about,It’s unclear,0,0,0,0,2,2,0,0,2,Yes,No,0,1,0,0,0,Dr. Minway Zhang,5,Negative,"No, they stay the same",Man (cis or trans),East Asian/Pacific Islander,31-64,Lori Taylor,11,Positive,"No, they don’t change",Woman (cis or trans),White,31-64,,,,,,,,,,,,,,,,,,,,,,,,,,,,,,,,,,,,,,,,,,,,,,,,,,,,,,,,
The Fault in Our Stars,Moya,2014,Present,No,,No,,No,,No,,No,,No,,No,,No,,No,,No,,No,,No,,3,2,0,0,,,,,,,,,,,,,,,,,,,,,,,,,,,,,,,,,,,,,,,,,,,,,,,,,,,,,,,,,,,,,,,,,,,,,,,,,,,,,,,,,,,,,,,,
Palm Springs,Zoky,2020,Present,No,,No,,No,,No,,No,,No,,No,,No,,No,,No,,No,,No,,0,0,0,0,,,,,,,,,,,,,,,,,,,,,,,,,,,,,,,,,,,,,,,,,,,,,,,,,,,,,,,,,,,,,,,,,,,,,,,,,,,,,,,,,,,,,,,,
Captain Phillips,Zoky,2013,Present,No,,No,,No,,No,,No,,No,,No,,No,,No,,No,,No,,No,,0,0,0,0,,,,,,,,,,,,,,,,,,,,,,,,,,,,,,,,,,,,,,,,,,,,,,,,,,,,,,,,,,,,,,,,,,,,,,,,,,,,,,,,,,,,,,,,
Kingsman: The Golden Circle,Adria,2017,Present,No,,No,,No,,No,,No,,No,,No,,No,,No,,No,,No,,No,,3,0,0,0,,,,,,,,,,,,,,,,,,,,,,,,,,,,,,,,,,,,,,,,,,,,,,,,,,,,,,,,,,,,,,,,,,,,,,,,,,,,,,,,,,,,,,,,
Ex Machina,Matthew,2014,Future,No,,No,,No,,No,,No,,No,,No,,No,,No,,No,,No,,No,,0,0,0,0,,,,,,,,,,,,,,,,,,,,,,,,,,,,,,,,,,,,,,,,,,,,,,,,,,,,,,,,,,,,,,,,,,,,,,,,,,,,,,,,,,,,,,,,
The Gentlemen,Dominic,2019,Present,No,,No,,No,,No,,No,,No,,No,,No,,No,,No,,No,,No,,0,0,1,0,,,,,,,,,,,,,,,,,,,,,,,,,,,,,,,,,,,,,,,,,,,,,,,,,,,,,,,,,,,,,,,,,,,,,,,,,,,,,,,,,,,,,,,,
Fast & Furious 6,Dominic,2013,Present,No,,No,,Yes,,No,,No,,No,,No,,No,,No,,No,,No,,No,,2,0,0,0,Minor problem(s) in terms of gravity and/or urgency that the world need not be that concerned about,It’s unclear,0,0,1,0,0,0,0,0,2,No,No,0,0,0,0,0,Brian O'Conner,2,Positive,"No, they stay the same",Man (cis or trans),White,18-30,Mia,4,Positive,"No, they don’t change",Woman (cis or trans),White,18-30,,,,,,,,,,,,,,,,,,,,,,,,,,,,,,,,,,,,,,,,,,,,,,,,,,,,,,,,
I Care a Lot,Moya,2020,Present,No,,No,,No,,No,,No,,No,,No,,No,,No,,No,,No,,No,,0,2,0,0,,,,,,,,,,,,,,,,,,,,,,,,,,,,,,,,,,,,,,,,,,,,,,,,,,,,,,,,,,,,,,,,,,,,,,,,,,,,,,,,,,,,,,,,
Baywatch,Adria,2017,Present,No,,No,,No,,No,,No,,Yes,Humans,No,,No,,No,,No,,No,,No,,0,0,0,0,Minor problem(s) in terms of gravity and/or urgency that the world need not be that concerned about,It’s unclear,0,0,0,0,0,1,0,0,1,No,No,0,0,0,0,0,Mitch Buchannon,1,Positive,"No, they stay the same",Man (cis or trans),Mixed/other,31-64,,,,,,,,,,,,,,,,,,,,,,,,,,,,,,,,,,,,,,,,,,,,,,,,,,,,,,,,,,,,,,,
Ghostbusters,Matthew,2016,Present,No,,No,,No,,No,,No,,No,,No,,No,,No,,No,,No,,No,,0,0,0,0,,,,,,,,,,,,,,,,,,,,,,,,,,,,,,,,,,,,,,,,,,,,,,,,,,,,,,,,,,,,,,,,,,,,,,,,,,,,,,,,,,,,,,,,
Us,Jerald,2019,"Past, Present",No,,No,,No,,No,,No,,No,,No,,Yes,,No,,No,,No,,No,,0,0,0,0,Minor problem(s) in terms of gravity and/or urgency that the world need not be that concerned about,It’s unclear,0,0,0,0,0,0,0,0,0,,,,,,,,,,,,,,,,,,,,,,,,,,,,,,,,,,,,,,,,,,,,,,,,,,,,,,,,,,,,,,,,,,,,,,,,,,,,,
Warm Bodies,Moya,2013,Present,No,,No,,No,,No,,No,,No,,No,,No,,No,,No,,No,,No,,0,0,0,0,,,,,,,,,,,,,,,,,,,,,,,,,,,,,,,,,,,,,,,,,,,,,,,,,,,,,,,,,,,,,,,,,,,,,,,,,,,,,,,,,,,,,,,,
Mother!,Adria,2017,Present,No,,No,,No,,Yes,Humans,No,,No,,No,,No,,No,,No,,No,,No,,0,0,0,0,Unclear,It’s unclear,0,0,0,2,0,0,0,0,0,,No,0,0,0,0,0,,,,,,,,,,,,,,,,,,,,,,,,,,,,,,,,,,,,,,,,,,,,,,,,,,,,,,,,,,,,,,,,,,,,,,
Wrath of Man,Dominic,2021,Present,Yes,Outside force,No,,No,,No,,Yes,Outside force,No,,No,,No,,No,,Yes,Outside force,No,,Yes,ice caps melting,0,0,0,0,Minor problem(s) in terms of gravity and/or urgency that the world need not be that concerned about,It’s unclear,1,0,0,0,1,0,0,2,0,No,No,0,0,0,0,0,Dougie,21,Positive,"No, they stay the same",Man (cis or trans),White,11-17,H,1,Mixed or ambivalent,"No, they don’t change",Man (cis or trans),White,31-64,,,,,,,,,,,,,,,,,,,,,,,,,,,,,,,,,,,,,,,,,,,,,,,,,,,,,,,,
Baby Driver,Moya,2017,Present,No,,No,,No,,No,,No,,No,,No,,No,,No,,No,,No,,No,,0,0,0,0,,,,,,,,,,,,,,,,,,,,,,,,,,,,,,,,,,,,,,,,,,,,,,,,,,,,,,,,,,,,,,,,,,,,,,,,,,,,,,,,,,,,,,,,
Fast & Furious 7,Dominic,2015,Present,No,,No,,No,,No,,No,,No,,No,,No,,No,,No,,No,,No,,6,0,0,0,,,,,,,,,,,,,,,,,,,,,,,,,,,,,,,,,,,,,,,,,,,,,,,,,,,,,,,,,,,,,,,,,,,,,,,,,,,,,,,,,,,,,,,,
The Guilty,Moya,2021,Present,Yes,Humans,No,,Yes,Humans,No,,No,,No,,No,,No,,No,,No,,No,,No,,0,0,0,0,Major problem(s) in terms of gravity and/or urgency that the world should be concerned about,Everyone suffers from the biophysical effects of climate change equally,0,0,7,0,0,0,0,0,3,Yes,No,0,0,0,0,0,Joe Baylor,1,Mixed or ambivalent,"No, they stay the same",Man (cis or trans),White,31-64,CHP Rodriguez,19,Positive,"No, they don’t change",Man (cis or trans),Can’t tell/unable to judge/not applicable,Unclear,CHP Dispatcher,7,Mixed or ambivalent,"No, they don’t change",Woman (cis or trans),Can’t tell/unable to judge/not applicable,Unclear,,,,,,,,,,,,,,,,,,,,,,,,,,,,,,,,,,,,,,,,,,,,,,,,,
Chappie,Matthew,2015,Future,No,,No,,No,,No,,No,,No,,No,,No,,No,,No,,No,,No,,0,0,0,0,,,,,,,,,,,,,,,,,,,,,,,,,,,,,,,,,,,,,,,,,,,,,,,,,,,,,,,,,,,,,,,,,,,,,,,,,,,,,,,,,,,,,,,,
Nocturnal Animals,Zoky,2016,"Past, Present",No,,No,,No,,No,,No,,No,,No,,No,,No,,No,,No,,No,,0,0,0,0,,,,,,,,,,,,,,,,,,,,,,,,,,,,,,,,,,,,,,,,,,,,,,,,,,,,,,,,,,,,,,,,,,,,,,,,,,,,,,,,,,,,,,,,
Ant-Man and the Wasp,Zoky,2018,Present,No,,No,,No,,No,,No,,No,,No,,No,,No,,No,,No,,No,,0,1,0,0,,,,,,,,,,,,,,,,,,,,,,,,,,,,,,,,,,,,,,,,,,,,,,,,,,,,,,,,,,,,,,,,,,,,,,,,,,,,,,,,,,,,,,,,
Druk (Another Round),Zoky,2020,Present,No,,No,,No,,No,,No,,No,,No,,No,,No,,No,,No,,No,,0,0,0,0,,,,,,,,,,,,,,,,,,,,,,,,,,,,,,,,,,,,,,,,,,,,,,,,,,,,,,,,,,,,,,,,,,,,,,,,,,,,,,,,,,,,,,,,
Gisaengchung (Parasite),Dominic,2019,Present,Yes,Humans,No,,Yes,Humans,No,,No,,No,,No,,Yes,Outside force,Yes,Humans,No,,No,,No,,0,0,0,0,Minor problem(s) in terms of gravity and/or urgency that the world need not be that concerned about,"People who are less privileged (based on their gender, race, ethnicity, ability, socioeconomic status, or nationality) are the only ones who suffer – or suffer more than others",0,0,2,0,0,0,0,0,5,No,No,0,0,0,0,0,Yeon Kyo,3,Mixed or ambivalent,"No, they stay the same",Woman (cis or trans),East Asian/Pacific Islander,31-64,Ki Taek,1,Mixed or ambivalent,"No, they don’t change",Man (cis or trans),East Asian/Pacific Islander,31-64,Ki Jung,5,Mixed or ambivalent,"No, they don’t change",Woman (cis or trans),East Asian/Pacific Islander,18-30,Ki Woo,4,Mixed or ambivalent,"No, they don’t change",Man (cis or trans),East Asian/Pacific Islander,18-30,Chung Sook,7,Mixed or ambivalent,"No, they don’t change",Woman (cis or trans),East Asian/Pacific Islander,31-64,,,,,,,,,,,,,,,,,,,,,,,,,,,,,,,,,,,
Escape Plan,Dominic,2013,Present,No,,No,,No,,No,,No,,No,,No,,No,,No,,No,,No,,No,,0,0,0,0,,,,,,,,,,,,,,,,,,,,,,,,,,,,,,,,,,,,,,,,,,,,,,,,,,,,,,,,,,,,,,,,,,,,,,,,,,,,,,,,,,,,,,,,
El Hoyo (The Platform),Dominic,2019,Present,No,,No,,No,,No,,No,,No,,No,,No,,No,,No,,No,,No,,0,0,0,0,,,,,,,,,,,,,,,,,,,,,,,,,,,,,,,,,,,,,,,,,,,,,,,,,,,,,,,,,,,,,,,,,,,,,,,,,,,,,,,,,,,,,,,,
M3GAN,Moya,2022,Present,No,,No,,No,,No,,No,,No,,No,,No,,No,,No,,No,,No,,0,0,0,0,,,,,,,,,,,,,,,,,,,,,,,,,,,,,,,,,,,,,,,,,,,,,,,,,,,,,,,,,,,,,,,,,,,,,,,,,,,,,,,,,,,,,,,,
Logan,Adria,2017,Future,No,,No,,No,,No,,No,,No,,No,,No,,No,,No,,No,,No,,0,0,0,0,,,,,,,,,,,,,,,,,,,,,,,,,,,,,,,,,,,,,,,,,,,,,,,,,,,,,,,,,,,,,,,,,,,,,,,,,,,,,,,,,,,,,,,,
Ghost in the Shell,Moya,2017,Future,No,,No,,No,,No,,No,,No,,No,,No,,No,,No,,No,,No,,0,0,0,0,,,,,,,,,,,,,,,,,,,,,,,,,,,,,,,,,,,,,,,,,,,,,,,,,,,,,,,,,,,,,,,,,,,,,,,,,,,,,,,,,,,,,,,,
Old,Dominic,2021,Present,No,,No,,No,,No,,No,,No,,No,,No,,No,,No,,No,,No,,0,0,0,0,,,,,,,,,,,,,,,,,,,,,,,,,,,,,,,,,,,,,,,,,,,,,,,,,,,,,,,,,,,,,,,,,,,,,,,,,,,,,,,,,,,,,,,,
La La Land,Dominic,2016,Present,No,,No,,No,,No,,No,,No,,No,,No,,No,,No,,No,,No,,0,2,0,0,,,,,,,,,,,,,,,,,,,,,,,,,,,,,,,,,,,,,,,,,,,,,,,,,,,,,,,,,,,,,,,,,,,,,,,,,,,,,,,,,,,,,,,,
Terminator: Dark Fate,Moya,2019,"Present, Future",No,,No,,No,,No,,No,,No,,No,,No,,No,,No,,No,,No,,0,0,0,0,,,,,,,,,,,,,,,,,,,,,,,,,,,,,,,,,,,,,,,,,,,,,,,,,,,,,,,,,,,,,,,,,,,,,,,,,,,,,,,,,,,,,,,,
Morbius,Zoky,2022,"Past, Present",No,,No,,No,,No,,No,,No,,No,,No,,No,,No,,No,,No,,0,0,0,0,,,,,,,,,,,,,,,,,,,,,,,,,,,,,,,,,,,,,,,,,,,,,,,,,,,,,,,,,,,,,,,,,,,,,,,,,,,,,,,,,,,,,,,,
Hustle,Zoky,2022,Present,No,,No,,No,,No,,No,,No,,No,,No,,No,,No,,No,,No,,2,2,0,0,,,,,,,,,,,,,,,,,,,,,,,,,,,,,,,,,,,,,,,,,,,,,,,,,,,,,,,,,,,,,,,,,,,,,,,,,,,,,,,,,,,,,,,,
Wonder,Zoky,2017,Present,No,,No,,No,,No,,No,,No,,No,,No,,No,,No,,No,,No,,0,8,0,0,,,,,,,,,,,,,,,,,,,,,,,,,,,,,,,,,,,,,,,,,,,,,,,,,,,,,,,,,,,,,,,,,,,,,,,,,,,,,,,,,,,,,,,,
Jurassic World,Dominic,2015,Present,No,,No,,No,,No,,No,,No,,No,,No,,No,,No,,No,,No,,2,2,0,0,,,,,,,,,,,,,,,,,,,,,,,,,,,,,,,,,,,,,,,,,,,,,,,,,,,,,,,,,,,,,,,,,,,,,,,,,,,,,,,,,,,,,,,,
Zootopia,Dominic,2016,Present,No,,No,,No,,No,,No,,No,,No,,No,,No,,No,,No,,No,,0,2,0,0,,,,,,,,,,,,,,,,,,,,,,,,,,,,,,,,,,,,,,,,,,,,,,,,,,,,,,,,,,,,,,,,,,,,,,,,,,,,,,,,,,,,,,,,
Zombieland: Double Tap,Dominic,2019,Past,No,,No,,No,,No,,No,,No,,No,,No,,No,,No,,No,,No,,0,0,0,1,,,,,,,,,,,,,,,,,,,,,,,,,,,,,,,,,,,,,,,,,,,,,,,,,,,,,,,,,,,,,,,,,,,,,,,,,,,,,,,,,,,,,,,,
El Camino: A Breaking Bad Movie,Moya,2019,Present,No,,No,,No,,No,,No,,No,,No,,No,,No,,No,,No,,No,,0,0,0,0,,,,,,,,,,,,,,,,,,,,,,,,,,,,,,,,,,,,,,,,,,,,,,,,,,,,,,,,,,,,,,,,,,,,,,,,,,,,,,,,,,,,,,,,
Barbarian,Moya,2022,Present,No,,No,,No,,No,,No,,No,,No,,No,,No,,No,,No,,No,,0,0,0,0,,,,,,,,,,,,,,,,,,,,,,,,,,,,,,,,,,,,,,,,,,,,,,,,,,,,,,,,,,,,,,,,,,,,,,,,,,,,,,,,,,,,,,,,
Lion,Moya,2016,Past,No,,No,,No,,No,,No,,No,,No,,No,,No,,No,,No,,No,,2,2,0,0,,,,,,,,,,,,,,,,,,,,,,,,,,,,,,,,,,,,,,,,,,,,,,,,,,,,,,,,,,,,,,,,,,,,,,,,,,,,,,,,,,,,,,,,
Don Jon,Dominic,2013,Present,No,,No,,No,,No,,No,,No,,No,,No,,No,,No,,No,,No,,0,0,0,0,,,,,,,,,,,,,,,,,,,,,,,,,,,,,,,,,,,,,,,,,,,,,,,,,,,,,,,,,,,,,,,,,,,,,,,,,,,,,,,,,,,,,,,,
This Is the End,Moya,2013,Present,No,,No,,No,,No,,No,,No,,No,,No,,No,,No,,No,,No,,1,2,0,0,,,,,,,,,,,,,,,,,,,,,,,,,,,,,,,,,,,,,,,,,,,,,,,,,,,,,,,,,,,,,,,,,,,,,,,,,,,,,,,,,,,,,,,,
The Lobster,Dominic,2015,Future,No,,No,,No,,No,,No,,No,,No,,No,,No,,No,,No,,No,,0,1,0,0,,,,,,,,,,,,,,,,,,,,,,,,,,,,,,,,,,,,,,,,,,,,,,,,,,,,,,,,,,,,,,,,,,,,,,,,,,,,,,,,,,,,,,,,
Spy,Moya,2015,Present,No,,No,,No,,No,,No,,No,,No,,No,,No,,No,,No,,No,,3,1,0,0,,,,,,,,,,,,,,,,,,,,,,,,,,,,,,,,,,,,,,,,,,,,,,,,,,,,,,,,,,,,,,,,,,,,,,,,,,,,,,,,,,,,,,,,
The Gift,Dominic,2015,Present,No,,No,,No,,No,,No,,No,,No,,No,,No,,No,,No,,No,,0,0,0,0,,,,,,,,,,,,,,,,,,,,,,,,,,,,,,,,,,,,,,,,,,,,,,,,,,,,,,,,,,,,,,,,,,,,,,,,,,,,,,,,,,,,,,,,
Godzilla,Zoky,2014,"Past, Present",No,,Yes,Humans,Yes,Humans,Yes,Humans,No,,No,,Yes,Humans,No,,Yes,Outside force,No,,No,,No,,0,2,0,0,Major problem(s) in terms of gravity and/or urgency that the world should be concerned about,Everyone suffers from the biophysical effects of climate change equally,,1,2,1,,,1,,6,Yes,No,,,,4,,Joe Brody,4,Positive,"No, they stay the same",Man (cis or trans),White,31-64,Dr. Ishiro Serizawa,3,Positive,"Yes, they become more concerned and/or engaged",Man (cis or trans),East Asian/Pacific Islander,31-64,Vivienne Graham,7,Positive,"Yes, they become more concerned and/or engaged",Woman (cis or trans),White,31-64,Ford Brody,1,Mixed or ambivalent,"Yes, they become more concerned and/or engaged",Man (cis or trans),White,18-30,Admiral William Stenz,9,Positive,"Yes, they become more concerned and/or engaged",Man (cis or trans),White,31-64,Captain Russell Hampton,10,Positive,"No, they don’t change",Man (cis or trans),Black/African American,31-64,,,,,,,,,,,,,,,,,,,,,,,,,,,,
Sully,Zoky,2016,Present,No,,No,,No,,No,,No,,No,,No,,No,,No,,No,,No,,No,,155,0,0,0,,,,,,,,,,,,,,,,,,,,,,,,,,,,,,,,,,,,,,,,,,,,,,,,,,,,,,,,,,,,,,,,,,,,,,,,,,,,,,,,,,,,,,,,
The Amazing Spider-Man 2,Zoky,2014,Present,Yes,Humans,No,,No,,No,,No,,No,,No,,No,,No,,No,,No,,No,,0,1,0,0,Unclear,It’s unclear,2,,,,,,,2,,,,,2,,,,Max Dillon,3,Negative,"Yes, they become less concerned and/or engaged",Man (cis or trans),Black/African American,18-30,Harry Osborn,4,Negative,"No, they don’t change",Man (cis or trans),White,18-30,,,,,,,,,,,,,,,,,,,,,,,,,,,,,,,,,,,,,,,,,,,,,,,,,,,,,,,,
Bird Box,Zoky,2018,"Past, Present",No,,No,,No,,No,,No,,No,,No,,No,,No,,No,,No,,Yes,Abnormal wind caused by outside force,0,0,0,0,,,,,,,,,,,,,,,,,,,,,,,,,,,,,,,,,,,,,,,,,,,,,,,,,,,,,,,,,,,,,,,,,,,,,,,,,,,,,,,,,,,,,,,,
Kick-Ass 2,Dominic,2013,Present,No,,No,,No,,No,,No,,No,,No,,No,,No,,No,,No,,No,,0,0,0,0,,,,,,,,,,,,,,,,,,,,,,,,,,,,,,,,,,,,,,,,,,,,,,,,,,,,,,,,,,,,,,,,,,,,,,,,,,,,,,,,,,,,,,,,
Focus,Zoky,2015,Present,No,,No,,No,,No,,No,,No,,No,,No,,No,,No,,No,,No,,0,0,0,0,,,,,,,,,,,,,,,,,,,,,,,,,,,,,,,,,,,,,,,,,,,,,,,,,,,,,,,,,,,,,,,,,,,,,,,,,,,,,,,,,,,,,,,,
Nomadland,Zoky,2020,Present,No,,No,,No,,No,,Yes,Humans,No,,No,,No,,No,,No,,No,,No,,0,0,0,0,Minor problem(s) in terms of gravity and/or urgency that the world need not be that concerned about,It’s unclear,,,,,1,,,,0,,,,,,,,,,,,,,,,,,,,,,,,,,,,,,,,,,,,,,,,,,,,,,,,,,,,,,,,,,,,,,,,,,,,,,,,,,,,,
Jumanji: The Next Level,Adria,2019,Present,No,,No,,No,,No,,No,,No,,No,,No,,No,,No,,No,,No,,5,1,0,0,,,,,,,,,,,,,,,,,,,,,,,,,,,,,,,,,,,,,,,,,,,,,,,,,,,,,,,,,,,,,,,,,,,,,,,,,,,,,,,,,,,,,,,,
Knives Out,Adria,2019,"Past, Present",No,,No,,No,,No,,No,,No,,No,,No,,No,,No,,No,,No,,0,0,0,0,,,,,,,,,,,,,,,,,,,,,,,,,,,,,,,,,,,,,,,,,,,,,,,,,,,,,,,,,,,,,,,,,,,,,,,,,,,,,,,,,,,,,,,,
Jurassic World: Dominion,Dominic,2022,Future,Yes,Humans,No,,Yes,Humans,No,,Yes,Humans,No,,No,,No,,No,,No,,No,,Yes,wildfire caused by burning locusts,8,0,0,0,Major problem(s) in terms of gravity and/or urgency that the world should be concerned about,Everyone suffers from the biophysical effects of climate change equally,1,0,3,0,4,0,0,5,7,Yes,Yes,0,2,2,0,1,Ellie Sattler,3,Positive,"Yes, they become more concerned and/or engaged",Woman (cis or trans),White,31-64,Alan Grant,4,Positive,"No, they don’t change",Man (cis or trans),White,31-64,Ian Malcolm,5,Positive,"Yes, they become more concerned and/or engaged",Man (cis or trans),White,31-64,Henry Wu,10,Mixed or ambivalent,"Yes, they become more concerned and/or engaged",Man (cis or trans),East Asian/Pacific Islander,31-64,Jeremy Bernier,17,Mixed or ambivalent,"No, they don’t change",Man (cis or trans),White,18-30,Ramsay Cole,7,Positive,"Yes, they become more concerned and/or engaged",Man (cis or trans),Black/African American,18-30,Lewis Dodgson,9,Negative,"Yes, they become less concerned and/or engaged",Man (cis or trans),White,31-64,Owen Grady,1,Positive,"No, they don’t change",Man (cis or trans),White,31-64,Farmer Perez,22,Positive,"No, they don’t change",Woman (cis or trans),Hispanic/Latinx,31-64,,,,,,,
Spectre,Dominic,2015,Present,No,,No,,No,,No,,No,,No,,No,,No,,No,,No,,No,,No,,1,3,0,0,,,,,,,,,,,,,,,,,,,,,,,,,,,,,,,,,,,,,,,,,,,,,,,,,,,,,,,,,,,,,,,,,,,,,,,,,,,,,,,,,,,,,,,,
Isle of Dogs,Moya,2018,Present,No,,No,,No,,No,,No,,No,,Yes,Humans,No,,No,,No,,No,,No,,0,0,0,0,Minor problem(s) in terms of gravity and/or urgency that the world need not be that concerned about,It’s unclear,0,0,0,0,0,0,1,0,1,No,No,0,0,0,0,0,Rex,3,Positive,"No, they stay the same",Unclear,Can’t tell/unable to judge/not applicable,Unclear,,,,,,,,,,,,,,,,,,,,,,,,,,,,,,,,,,,,,,,,,,,,,,,,,,,,,,,,,,,,,,,
Red Notice,Moya,2021,Present,No,,No,,No,,No,,No,,No,,No,,No,,No,,No,,No,,No,,3,0,0,0,,,,,,,,,,,,,,,,,,,,,,,,,,,,,,,,,,,,,,,,,,,,,,,,,,,,,,,,,,,,,,,,,,,,,,,,,,,,,,,,,,,,,,,,
Creed,Adria,2015,Present,No,,No,,No,,No,,No,,No,,No,,No,,No,,No,,No,,No,,0,0,0,0,,,,,,,,,,,,,,,,,,,,,,,,,,,,,,,,,,,,,,,,,,,,,,,,,,,,,,,,,,,,,,,,,,,,,,,,,,,,,,,,,,,,,,,,
Olympus Has Fallen,Adria,2013,Present,No,,No,,No,,No,,No,,No,,No,,No,,No,,No,,No,,No,,0,0,0,0,,,,,,,,,,,,,,,,,,,,,,,,,,,,,,,,,,,,,,,,,,,,,,,,,,,,,,,,,,,,,,,,,,,,,,,,,,,,,,,,,,,,,,,,
Greenland,Dominic,2020,Present,No,,No,,Yes,,No,,Yes,Outside force,No,,No,,No,,Yes,Outside force,No,,No,,Yes,"meteors hitting the earth, causing extinction-level events",4,0,0,0,Major problem(s) in terms of gravity and/or urgency that the world should be concerned about,"People who are more privileged (based on their gender, race, ethnicity, ability, socioeconomic status, or nationality) are the only ones who suffer – or suffer more than others",0,0,3,0,3,0,0,0,,Yes,Yes,0,0,0,0,0,John Garrity,1,Positive,"Yes, they become more concerned and/or engaged",Man (cis or trans),White,31-64,Allison Garrity,2,Positive,"Yes, they become more concerned and/or engaged",Woman (cis or trans),White,31-64,Nathan Garrity,3,Positive,"Yes, they become more concerned and/or engaged",Man (cis or trans),White,10 or younger,Dale,4,Mixed or ambivalent,"Yes, they become more concerned and/or engaged",Man (cis or trans),White,31-64,Bobby,5,Mixed or ambivalent,"Yes, they become more concerned and/or engaged",Man (cis or trans),White,31-64,National News Anchor,6,Mixed or ambivalent,"Yes, they become more concerned and/or engaged",Man (cis or trans),White,31-64,Morning Show Host,7,Mixed or ambivalent,"Yes, they become more concerned and/or engaged",Woman (cis or trans),White,18-30,Morning Show Host,8,Mixed or ambivalent,"Yes, they become more concerned and/or engaged",Man (cis or trans),White,31-64,Kenny,9,Mixed or ambivalent,"Yes, they become more concerned and/or engaged",Man (cis or trans),White,31-64,Debra Jones,10,Mixed or ambivalent,"Yes, they become more concerned and/or engaged",Woman (cis or trans),White,31-64
Mission: Impossible - Fallout,Dominic,2018,Present,No,,Yes,Humans,No,,No,,No,,No,,Yes,Humans,No,,No,,No,,No,,No,,0,0,0,0,Major problem(s) in terms of gravity and/or urgency that the world should be concerned about,Everyone suffers from the biophysical effects of climate change equally,0,1,0,0,0,0,3,0,7,Yes,No,0,0,0,6,2,Ilsa,5,Positive,"Yes, they become more concerned and/or engaged",Woman (cis or trans),White,18-30,Ethan Hunt,1,Positive,"No, they don’t change",Man (cis or trans),White,31-64,Benji,4,Positive,"No, they don’t change",Man (cis or trans),White,31-64,Luther,3,Positive,"No, they don’t change",Man (cis or trans),Black/African American,31-64,Lane,6,Negative,"No, they don’t change",Man (cis or trans),White,31-64,Walker,,Negative,"Yes, they become less concerned and/or engaged",Man (cis or trans),White,31-64,Alan Hunley,12,Positive,"Yes, they become more concerned and/or engaged",Man (cis or trans),White,31-64,,,,,,,,,,,,,,,,,,,,,
Despicable Me 3,Moya,2017,Present,No,,No,,No,,No,,No,,No,,No,,No,,No,,No,,No,,No,,7,0,0,0,,,,,,,,,,,,,,,,,,,,,,,,,,,,,,,,,,,,,,,,,,,,,,,,,,,,,,,,,,,,,,,,,,,,,,,,,,,,,,,,,,,,,,,,
The Old Guard,Moya,2020,Present,No,,No,,No,,No,,No,,No,,No,,No,,No,,No,,No,,No,,3,4,0,0,,,,,,,,,,,,,,,,,,,,,,,,,,,,,,,,,,,,,,,,,,,,,,,,,,,,,,,,,,,,,,,,,,,,,,,,,,,,,,,,,,,,,,,,
Ant-Man,Adria,2015,Present,No,,No,,No,,No,,No,,No,,No,,No,,No,,No,,No,,No,,1,0,0,0,,,,,,,,,,,,,,,,,,,,,,,,,,,,,,,,,,,,,,,,,,,,,,,,,,,,,,,,,,,,,,,,,,,,,,,,,,,,,,,,,,,,,,,,
Get Hard,Adria,2015,Present,No,,No,,No,,No,,No,,No,,No,,No,,No,,No,,No,,No,,0,0,0,0,,,,,,,,,,,,,,,,,,,,,,,,,,,,,,,,,,,,,,,,,,,,,,,,,,,,,,,,,,,,,,,,,,,,,,,,,,,,,,,,,,,,,,,,
Sonic the Hedgehog,Dominic,2020,Present,No,,No,,No,,No,,No,,No,,No,,No,,No,,No,,No,,No,,0,0,0,0,,,,,,,,,,,,,,,,,,,,,,,,,,,,,,,,,,,,,,,,,,,,,,,,,,,,,,,,,,,,,,,,,,,,,,,,,,,,,,,,,,,,,,,,
The Big Sick,Dominic,2017,Present,No,,No,,No,,No,,No,,No,,No,,No,,No,,No,,No,,No,,0,0,0,0,,,,,,,,,,,,,,,,,,,,,,,,,,,,,,,,,,,,,,,,,,,,,,,,,,,,,,,,,,,,,,,,,,,,,,,,,,,,,,,,,,,,,,,,
The Fate of the Furious,Adria,2017,Present,No,,No,,No,,No,,No,,No,,No,,No,,No,,No,,No,,No,,0,0,0,0,,,,,,,,,,,,,,,,,,,,,,,,,,,,,,,,,,,,,,,,,,,,,,,,,,,,,,,,,,,,,,,,,,,,,,,,,,,,,,,,,,,,,,,,
Uncharted,Moya,2022,Present,No,,No,,No,,No,,No,,No,,No,,No,,No,,No,,No,,No,,6,1,0,0,,,,,,,,,,,,,,,,,,,,,,,,,,,,,,,,,,,,,,,,,,,,,,,,,,,,,,,,,,,,,,,,,,,,,,,,,,,,,,,,,,,,,,,,
Deadpool 2,Dominic,2018,Present,No,,No,,No,,No,,No,,No,,No,,No,,No,,No,,No,,No,,0,0,0,0,,,,,,,,,,,,,,,,,,,,,,,,,,,,,,,,,,,,,,,,,,,,,,,,,,,,,,,,,,,,,,,,,,,,,,,,,,,,,,,,,,,,,,,,
Transformers: Age of Extinction,Adria,2014,"Past, Present",No,,No,,No,,No,,No,,No,,No,,No,,Yes,Outside force,No,,No,,No,,0,0,0,0,,,,,,,,,,,,,,,,,,,,,,,,,,,,,,,,,,,,,,,,,,,,,,,,,,,,,,,,,,,,,,,,,,,,,,,,,,,,,,,,,,,,,,,,
Black Adam,Dominic,2022,Present,No,,Yes,Humans,No,,No,,No,,No,,No,,No,,No,,No,,No,,No,,0,0,1,0,Minor problem(s) in terms of gravity and/or urgency that the world need not be that concerned about,"People who are less privileged (based on their gender, race, ethnicity, ability, socioeconomic status, or nationality) are the only ones who suffer – or suffer more than others",0,1,0,0,0,0,0,0,1,Yes,No,0,0,0,0,0,Amon,8,Positive,"No, they stay the same",Man (cis or trans),Middle Eastern/South Asian,11-17,,,,,,,,,,,,,,,,,,,,,,,,,,,,,,,,,,,,,,,,,,,,,,,,,,,,,,,,,,,,,,,
Black Widow,Dominic,2021,Present,No,,No,,No,,No,,No,,No,,No,,No,,No,,No,,No,,No,,4,1,0,0,,,,,,,,,,,,,,,,,,,,,,,,,,,,,,,,,,,,,,,,,,,,,,,,,,,,,,,,,,,,,,,,,,,,,,,,,,,,,,,,,,,,,,,,
Kingsman: The Secret Service,Dominic,2014,Present,Yes,Humans,No,,No,,No,,No,,No,,No,,No,,Yes,Outside force,Yes,Humans,No,,No,,3,0,0,0,Major problem(s) in terms of gravity and/or urgency that the world should be concerned about,"People who are less privileged (based on their gender, race, ethnicity, ability, socioeconomic status, or nationality) are the only ones who suffer – or suffer more than others",5,0,0,0,0,0,0,3,1,Yes,Yes,0,1,0,0,0,Harry Hart,2,Positive,"No, they stay the same",Man (cis or trans),White,31-64,Valentine,3,Negative,"No, they don’t change",Man (cis or trans),Black/African American,31-64,Merlin,6,Positive,"No, they don’t change",Man (cis or trans),White,31-64,Church Leader,20,Negative,"No, they don’t change",Man (cis or trans),White,31-64,,,,,,,,,,,,,,,,,,,,,,,,,,,,,,,,,,,,,,,,,,
Soorarai Pottru,Zoky,2020,Present,No,,No,,No,,No,,No,,No,,No,,No,,No,,No,,No,,No,,11,3,0,0,,,,,,,,,,,,,,,,,,,,,,,,,,,,,,,,,,,,,,,,,,,,,,,,,,,,,,,,,,,,,,,,,,,,,,,,,,,,,,,,,,,,,,,,
Promising Young Woman,Zoky,2020,Present,No,,No,,No,,No,,No,,No,,No,,No,,No,,No,,No,,No,,0,0,0,0,,,,,,,,,,,,,,,,,,,,,,,,,,,,,,,,,,,,,,,,,,,,,,,,,,,,,,,,,,,,,,,,,,,,,,,,,,,,,,,,,,,,,,,,
The Adam Project,Zoky,2022,"Present, Future",No,,No,,No,,No,,No,,No,,No,,No,,No,,No,,No,,No,,0,0,0,0,,,,,,,,,,,,,,,,,,,,,,,,,,,,,,,,,,,,,,,,,,,,,,,,,,,,,,,,,,,,,,,,,,,,,,,,,,,,,,,,,,,,,,,,
Maze Runner: The Scorch Trials,Zoky,2015,Future,Yes,Outside force,No,,No,,No,,No,,No,,No,,Yes,Outside force,No,,No,,Yes,,Yes,Severe Lightening,0,0,0,0,Major problem(s) in terms of gravity and/or urgency that the world should be concerned about,Everyone suffers from the biophysical effects of climate change equally,6,,,,,,,4,,No,No,,4,,,,Janson,11,Negative,"No, they stay the same",Man (cis or trans),White,31-64,Dr. Paige,10,Negative,"No, they don’t change",Woman (cis or trans),White,31-64,Dr. Crawford,13,Mixed or ambivalent,"No, they don’t change",Woman (cis or trans),Black/African American,31-64,Brenda,8,Positive,"No, they don’t change",Woman (cis or trans),White,18-30,,,,,,,,,,,,,,,,,,,,,,,,,,,,,,,,,,,,,,,,,,
Manchester by the Sea,Dominic,2016,"Past, Present",No,,No,,No,,No,,No,,No,,No,,No,,No,,No,,No,,No,,0,0,0,0,,,,,,,,,,,,,,,,,,,,,,,,,,,,,,,,,,,,,,,,,,,,,,,,,,,,,,,,,,,,,,,,,,,,,,,,,,,,,,,,,,,,,,,,
Everything Everywhere All at Once,Zoky,2022,"Past, Present",No,,No,,No,,No,,No,,No,,No,,No,,No,,No,,No,,No,,0,0,0,0,,,,,,,,,,,,,,,,,,,,,,,,,,,,,,,,,,,,,,,,,,,,,,,,,,,,,,,,,,,,,,,,,,,,,,,,,,,,,,,,,,,,,,,,
The Equalizer,Zoky,2014,Present,No,,No,,No,,No,,No,,No,,No,,No,,No,,No,,No,,No,,0,0,0,0,,,,,,,,,,,,,,,,,,,,,,,,,,,,,,,,,,,,,,,,,,,,,,,,,,,,,,,,,,,,,,,,,,,,,,,,,,,,,,,,,,,,,,,,
Jumanji: Welcome to the Jungle,Dominic,2017,Present,No,,No,,No,,No,,No,,No,,No,,No,,No,,No,,No,,No,,1,0,0,0,,,,,,,,,,,,,,,,,,,,,,,,,,,,,,,,,,,,,,,,,,,,,,,,,,,,,,,,,,,,,,,,,,,,,,,,,,,,,,,,,,,,,,,,
Jason Bourne,Dominic,2016,Present,No,,No,,No,,No,,No,,No,,No,,No,,No,,No,,No,,No,,4,0,0,0,,,,,,,,,,,,,,,,,,,,,,,,,,,,,,,,,,,,,,,,,,,,,,,,,,,,,,,,,,,,,,,,,,,,,,,,,,,,,,,,,,,,,,,,
Fast & Furious Presents: Hobbs & Shaw,Dominic,2019,Present,Yes,Humans,No,,No,,No,,No,,No,,No,,No,,No,,No,,No,,No,,5,0,0,0,Major problem(s) in terms of gravity and/or urgency that the world should be concerned about,It’s unclear,1,0,0,0,0,0,0,1,0,Yes,Yes,0,0,0,0,0,Brixton,3,Negative,"No, they stay the same",Man (cis or trans),Black/African American,31-64,,,,,,,,,,,,,,,,,,,,,,,,,,,,,,,,,,,,,,,,,,,,,,,,,,,,,,,,,,,,,,,
A Star Is Born,Dominic,2018,Present,No,,No,,No,,No,,No,,No,,No,,No,,No,,No,,No,,No,,2,0,0,0,,,,,,,,,,,,,,,,,,,,,,,,,,,,,,,,,,,,,,,,,,,,,,,,,,,,,,,,,,,,,,,,,,,,,,,,,,,,,,,,,,,,,,,,
Hell or High Water,Adria,2016,Present,No,,No,,Yes,Humans,No,,No,,No,,No,,No,,No,,No,,No,,No,,0,0,0,0,Minor problem(s) in terms of gravity and/or urgency that the world need not be that concerned about,It’s unclear,0,0,0,0,0,0,0,0,0,No,No,0,0,0,0,0,,,,,,,,,,,,,,,,,,,,,,,,,,,,,,,,,,,,,,,,,,,,,,,,,,,,,,,,,,,,,,,,,,,,,,
The Babadook,Moya,2014,Present,No,,No,,No,,No,,No,,No,,No,,No,,No,,No,,No,,No,,0,0,0,0,,,,,,,,,,,,,,,,,,,,,,,,,,,,,,,,,,,,,,,,,,,,,,,,,,,,,,,,,,,,,,,,,,,,,,,,,,,,,,,,,,,,,,,,
6 Underground,Adria,2019,"Past, Present",No,,No,,No,,No,,No,,No,,No,,No,,No,,No,,No,,No,,6,0,4,0,,,,,,,,,,,,,,,,,,,,,,,,,,,,,,,,,,,,,,,,,,,,,,,,,,,,,,,,,,,,,,,,,,,,,,,,,,,,,,,,,,,,,,,,
About Time,Adria,2013,"Past, Present",No,,No,,No,,No,,No,,No,,No,,No,,No,,No,,No,,No,,0,4,0,0,,,,,,,,,,,,,,,,,,,,,,,,,,,,,,,,,,,,,,,,,,,,,,,,,,,,,,,,,,,,,,,,,,,,,,,,,,,,,,,,,,,,,,,,
Upgrade,Moya,2018,Future,No,,No,,No,,No,,No,,No,,No,,No,,No,,No,,No,,No,,0,0,0,0,,,,,,,,,,,,,,,,,,,,,,,,,,,,,,,,,,,,,,,,,,,,,,,,,,,,,,,,,,,,,,,,,,,,,,,,,,,,,,,,,,,,,,,,
Doctor Sleep,Adria,2019,"Past, Present",No,,No,,No,,No,,No,,No,,No,,No,,No,,No,,No,,No,,0,2,1,0,,,,,,,,,,,,,,,,,,,,,,,,,,,,,,,,,,,,,,,,,,,,,,,,,,,,,,,,,,,,,,,,,,,,,,,,,,,,,,,,,,,,,,,,
Captain America: Civil War,Adria,2016,"Past, Present",No,,No,,No,,No,,No,,No,,No,,No,,No,,No,,No,,No,,2,0,0,0,,,,,,,,,,,,,,,,,,,,,,,,,,,,,,,,,,,,,,,,,,,,,,,,,,,,,,,,,,,,,,,,,,,,,,,,,,,,,,,,,,,,,,,,
Doctor Strange,Dominic,2016,Present,No,,No,,Yes,Humans,No,,No,,No,,No,,No,,No,,No,,No,,No,,0,0,0,0,Minor problem(s) in terms of gravity and/or urgency that the world need not be that concerned about,It’s unclear,0,0,1,0,0,0,0,0,0,No,No,0,0,0,0,0,,,,,,,,,,,,,,,,,,,,,,,,,,,,,,,,,,,,,,,,,,,,,,,,,,,,,,,,,,,,,,,,,,,,,,
Top Gun: Maverick,Dominic,2022,Present,No,,No,,No,,No,,No,,No,,No,,No,,No,,No,,No,,No,,0,0,0,0,,,,,,,,,,,,,,,,,,,,,,,,,,,,,,,,,,,,,,,,,,,,,,,,,,,,,,,,,,,,,,,,,,,,,,,,,,,,,,,,,,,,,,,,
Don't Breathe,Adria,2016,Present,No,,No,,No,,No,,No,,No,,No,,No,,No,,No,,No,,No,,0,2,0,0,,,,,,,,,,,,,,,,,,,,,,,,,,,,,,,,,,,,,,,,,,,,,,,,,,,,,,,,,,,,,,,,,,,,,,,,,,,,,,,,,,,,,,,,
Spider-Man: Into the Spider-Verse,Adria,2018,"Past, Present, Future",No,,No,,No,,No,,No,,No,,No,,No,,No,,No,,No,,No,,0,7,4,0,,,,,,,,,,,,,,,,,,,,,,,,,,,,,,,,,,,,,,,,,,,,,,,,,,,,,,,,,,,,,,,,,,,,,,,,,,,,,,,,,,,,,,,,
Ted 2,Adria,2015,Present,No,,No,,No,,No,,No,,No,,No,,No,,No,,No,,No,,No,,0,0,0,0,,,,,,,,,,,,,,,,,,,,,,,,,,,,,,,,,,,,,,,,,,,,,,,,,,,,,,,,,,,,,,,,,,,,,,,,,,,,,,,,,,,,,,,,
Mortal Kombat,Adria,2021,"Past, Present",No,,No,,No,,No,,No,,No,,No,,No,,No,,No,,No,,No,,5,0,0,0,,,,,,,,,,,,,,,,,,,,,,,,,,,,,,,,,,,,,,,,,,,,,,,,,,,,,,,,,,,,,,,,,,,,,,,,,,,,,,,,,,,,,,,,
Man of Steel,Matthew,2013,"Past, Present",No,,No,,No,,No,,No,,No,,No,,Yes,Outside force,No,,No,,No,,No,Hurricane kills Superman's dad in the past,0,0,0,0,,,,,,,,,,,,,,,,,,,,,,,,,,,,,,,,,,,,,,,,,,,,,,,,,,,,,,,,,,,,,,,,,,,,,,,,,,,,,,,,,,,,,,,,
The Secret Life of Walter Mitty,Adria,2013,Present,No,,No,,No,,No,,No,,No,,No,,No,,No,,No,,No,,No,,2,3,1,0,,,,,,,,,,,,,,,,,,,,,,,,,,,,,,,,,,,,,,,,,,,,,,,,,,,,,,,,,,,,,,,,,,,,,,,,,,,,,,,,,,,,,,,,
The Mummy,Adria,2017,"Past, Present",No,,No,,No,,No,,No,,No,,No,,No,,No,,No,,No,,Yes,Sand storms,0,0,0,0,,,,,,,,,,,,,,,,,,,,,,,,,,,,,,,,,,,,,,,,,,,,,,,,,,,,,,,,,,,,,,,,,,,,,,,,,,,,,,,,,,,,,,,,
Suicide Squad,Adria,2016,"Past, Present",No,,No,,No,,No,,No,,No,,No,,Yes,Outside force,Yes,Outside force,No,,No,,No,,0,0,0,0,,,,,,,,,,,,,,,,,,,,,,,,,,,,,,,,,,,,,,,,,,,,,,,,,,,,,,,,,,,,,,,,,,,,,,,,,,,,,,,,,,,,,,,,
John Wick: Chapter 2,Moya,2017,Present,No,,No,,No,,No,,No,,No,,No,,No,,No,,No,,No,,No,,0,2,0,0,,,,,,,,,,,,,,,,,,,,,,,,,,,,,,,,,,,,,,,,,,,,,,,,,,,,,,,,,,,,,,,,,,,,,,,,,,,,,,,,,,,,,,,,
Oblivion,Moya,2013,Future,No,,No,,No,,No,,No,,No,,Yes,,No,,No,,No,,No,,No,,0,0,0,0,Major problem(s) in terms of gravity and/or urgency that the world should be concerned about,It’s unclear,0,0,0,0,0,0,3,0,2,No,No,0,0,0,0,0,Jack Harper,1,Positive,"No, they stay the same",Man (cis or trans),White,31-64,Victoria,4,Positive,"No, they don’t change",Woman (cis or trans),White,31-64,,,,,,,,,,,,,,,,,,,,,,,,,,,,,,,,,,,,,,,,,,,,,,,,,,,,,,,,
No Time to Die,Moya,2021,Present,No,,No,,No,,No,,No,,No,,No,,No,,No,,No,,No,,No,,0,1,0,0,,,,,,,,,,,,,,,,,,,,,,,,,,,,,,,,,,,,,,,,,,,,,,,,,,,,,,,,,,,,,,,,,,,,,,,,,,,,,,,,,,,,,,,,
Boyhood,Moya,2014,"Past, Present",No,,No,,No,,No,,No,,No,,No,,No,,No,,No,,No,,No,,0,0,2,0,,,,,,,,,,,,,,,,,,,,,,,,,,,,,,,,,,,,,,,,,,,,,,,,,,,,,,,,,,,,,,,,,,,,,,,,,,,,,,,,,,,,,,,,
Happy Death Day,Moya,2017,Present,Yes,Humans,No,,No,,No,,No,,No,,No,,No,,No,,No,,No,,No,,0,0,0,0,Minor problem(s) in terms of gravity and/or urgency that the world need not be that concerned about,It’s unclear,6,0,0,0,0,0,0,1,0,No,No,0,0,1,0,0,Student Protester,12,Positive,"No, they stay the same",Woman (cis or trans),White,18-30,,,,,,,,,,,,,,,,,,,,,,,,,,,,,,,,,,,,,,,,,,,,,,,,,,,,,,,,,,,,,,,
The Gray Man,Adria,2022,"Past, Present",No,,No,,No,,No,,No,,No,,No,,No,,No,,No,,No,,No,,5,1,0,0,,,,,,,,,,,,,,,,,,,,,,,,,,,,,,,,,,,,,,,,,,,,,,,,,,,,,,,,,,,,,,,,,,,,,,,,,,,,,,,,,,,,,,,,
Venom,Adria,2018,"Past, Present",Yes,Humans,No,,No,,No,,No,,No,,No,,No,,No,,No,,No,,No,,0,1,0,0,Unclear,It’s unclear,1,0,0,0,0,0,0,3,0,Yes,No,0,0,0,0,1,Eddie,1,Positive,"No, they stay the same",Man (cis or trans),White,31-64,Carlton Drake,3,Negative,"No, they don’t change",Man (cis or trans),Middle Eastern/South Asian,31-64,Dr. Dora Skirth,6,Mixed or ambivalent,,Woman (cis or trans),Mixed/other,31-64,,,,,,,,,,,,,,,,,,,,,,,,,,,,,,,,,,,,,,,,,,,,,,,,,
Captain America: The Winter Soldier,Matthew,2014,Present,No,,No,,No,,No,,No,,No,,No,,No,,No,,No,,No,,No,,0,0,0,0,,,,,,,,,,,,,,,,,,,,,,,,,,,,,,,,,,,,,,,,,,,,,,,,,,,,,,,,,,,,,,,,,,,,,,,,,,,,,,,,,,,,,,,,
Eternals,Adria,2021,"Past, Present, Future",Yes,Outside Force,No,,No,,No,,No,,No,,No,,No,,No,,No,,No,,No,,5,0,0,0,Unclear,Everyone suffers equally,1,0,0,0,0,0,0,2,0,No,No,0,0,0,0,1,Ikarus,2,Negative,"No, they stay the same",Man (cis or trans),White,31-64,Ajak,4,Positive,"Yes, they become more concerned and/or engaged",Woman (cis or trans),Hispanic/Latinx,31-64,,,,,,,,,,,,,,,,,,,,,,,,,,,,,,,,,,,,,,,,,,,,,,,,,,,,,,,,
Lucy,Adria,2014,"Past, Present",No,,No,,No,,No,,No,,No,,No,,No,,No,,No,,No,,No,,1,0,0,0,,,,,,,,,,,,,,,,,,,,,,,,,,,,,,,,,,,,,,,,,,,,,,,,,,,,,,,,,,,,,,,,,,,,,,,,,,,,,,,,,,,,,,,,
Spider-Man: Far from Home,Moya,2019,Present,No,,No,,No,,No,,No,,No,,No,,No,,No,,No,,No,,No,,8,0,0,0,,,,,,,,,,,,,,,,,,,,,,,,,,,,,,,,,,,,,,,,,,,,,,,,,,,,,,,,,,,,,,,,,,,,,,,,,,,,,,,,,,,,,,,,
Marriage Story,Matthew,2019,Present,Yes,Humans,No,,No,,No,,No,,No,,No,,No,,No,,No,,No,,No,,2,3,0,1,Minor problem(s) in terms of gravity and/or urgency that the world need not be that concerned about,"People who are more privileged (based on their gender, race, ethnicity, ability, socioeconomic status, or nationality) are the only ones who suffer – or suffer more than others",1,,,,,,,2,,Yes,No,1,0,0,0,0,Nicole,1,Mixed or ambivalent,"No, they stay the same",Woman (cis or trans),White,31-64,Charlie,2,Mixed or ambivalent,"No, they don’t change",Man (cis or trans),White,31-64,,,,,,,,,,,,,,,,,,,,,,,,,,,,,,,,,,,,,,,,,,,,,,,,,,,,,,,,
Godzilla vs. Kong,Zoky,2021,Present,Yes,Humans,No,,No,,No,,No,,No,,No,,Yes,,No,,No,,No,,No,,0,0,0,0,Major problem(s) in terms of gravity and/or urgency that the world should be concerned about,"People who are less privileged (based on their gender, race, ethnicity, ability, socioeconomic status, or nationality) are the only ones who suffer – or suffer more than others",3,,,,,,,3,,Yes,No,,1,,2,,Ilene Andrews,3,Positive,"No, they stay the same",Woman (cis or trans),White,31-64,Bernie Hayes,4,Mixed or ambivalent,"No, they don’t change",Man (cis or trans),Black/African American,18-30,Nathan Lind,1,Positive,"No, they don’t change",Man (cis or trans),White,31-64,,,,,,,,,,,,,,,,,,,,,,,,,,,,,,,,,,,,,,,,,,,,,,,,,
Radhe,Zoky,2021,Present,No,,No,,Yes,,No,,No,,No,,No,,No,,No,,No,,No,,No,,0,0,1,0,Unclear,It’s unclear,,,2,,,,,,0,,,,,,,,,,,,,,,,,,,,,,,,,,,,,,,,,,,,,,,,,,,,,,,,,,,,,,,,,,,,,,,,,,,,,,,,,,,,,
The Big Short,Matthew,2015,Past,No,,No,,No,,No,,No,,No,,No,,No,,No,,No,,No,,No,,3,0,0,0,,,,,,,,,,,,,,,,,,,,,,,,,,,,,,,,,,,,,,,,,,,,,,,,,,,,,,,,,,,,,,,,,,,,,,,,,,,,,,,,,,,,,,,,
RoboCop,Zoky,2014,Present,No,,No,,Yes,,No,,No,,No,,No,,No,,No,,No,,No,,No,,0,0,0,0,,,,,1,,,,,,,,,,,,,,,,,,,,,,,,,,,,,,,,,,,,,,,,,,,,,,,,,,,,,,,,,,,,,,,,,,,,,,,,,,,,,,,,,,,
Ready Player One,Jerald,2018,Future,No,,No,,Yes,,No,,No,,No,,No,,No,,No,,No,,Yes,,No,,0,0,0,0,Minor problem(s) in terms of gravity and/or urgency that the world need not be that concerned about,"People who are less privileged (based on their gender, race, ethnicity, ability, socioeconomic status, or nationality) are the only ones who suffer – or suffer more than others",0,0,2,0,0,0,0,,,No,No,0,0,0,0,0,Parzival / Wade,1,Positive,"No, they stay the same",Man (cis or trans),White,18-30,,,,,,,,,,,,,,,,,,,,,,,,,,,,,,,,,,,,,,,,,,,,,,,,,,,,,,,,,,,,,,,
The Accountant,Zoky,2016,Present,No,,No,,No,,No,,No,,No,,No,,No,,No,,No,,No,,No,,0,0,0,0,,,,,,,,,,,,,,,,,,,,,,,,,,,,,,,,,,,,,,,,,,,,,,,,,,,,,,,,,,,,,,,,,,,,,,,,,,,,,,,,,,,,,,,,
A Quiet Place,Zoky,2018,"Past, Present",No,,No,,No,,No,,No,,No,,No,,No,,No,,No,,No,,No,,0,0,0,0,,,,,,,,,,,,,,,,,,,,,,,,,,,,,,,,,,,,,,,,,,,,,,,,,,,,,,,,,,,,,,,,,,,,,,,,,,,,,,,,,,,,,,,,
A Quiet Place Part II,Zoky,2020,"Past, Present",No,,No,,No,,No,,No,,No,,No,,No,,No,,No,,No,,No,,0,0,0,0,,,,,,,,,,,,,,,,,,,,,,,,,,,,,,,,,,,,,,,,,,,,,,,,,,,,,,,,,,,,,,,,,,,,,,,,,,,,,,,,,,,,,,,,
Despicable Me 2,Zoky,2013,Future,No,,No,,No,,No,,No,,No,,No,,No,,No,,No,,No,,No,,2,0,0,0,,,,,,,,,,,,,,,,,,,,,,,,,,,,,,,,,,,,,,,,,,,,,,,,,,,,,,,,,,,,,,,,,,,,,,,,,,,,,,,,,,,,,,,,
Southpaw,Zoky,2015,Present,No,,No,,No,,No,,No,,No,,No,,No,,No,,No,,No,,No,,0,0,0,0,,,,,,,,,,,,,,,,,,,,,,,,,,,,,,,,,,,,,,,,,,,,,,,,,,,,,,,,,,,,,,,,,,,,,,,,,,,,,,,,,,,,,,,,
The Intern,Jerald,2015,Present,No,,No,,No,,No,,No,,No,,No,,No,,No,,No,,No,,No,,2,0,1,0,,,,,,,,,,,,,,,,,,,,,,,,,,,,,,,,,,,,,,,,,,,,,,,,,,,,,,,,,,,,,,,,,,,,,,,,,,,,,,,,,,,,,,,,
Deadpool,Adria,2016,"Past, Present",No,,No,,No,,No,,No,,No,,No,,No,,No,,No,,No,,No,,0,0,0,0,,,,,,,,,,,,,,,,,,,,,,,,,,,,,,,,,,,,,,,,,,,,,,,,,,,,,,,,,,,,,,,,,,,,,,,,,,,,,,,,,,,,,,,,
Whiplash,Moya,2014,Present,No,,No,,No,,No,,No,,No,,No,,No,,No,,No,,No,,No,,0,1,0,0,,,,,,,,,,,,,,,,,,,,,,,,,,,,,,,,,,,,,,,,,,,,,,,,,,,,,,,,,,,,,,,,,,,,,,,,,,,,,,,,,,,,,,,,
The Tomorrow War,Moya,2021,"Present, Future",Yes,Humans,No,,No,,No,,No,,No,,No,,No,,No,,Yes,Humans,No,,No,,0,0,0,0,Minor problem(s) in terms of gravity and/or urgency that the world need not be that concerned about,It’s unclear,1,0,0,0,0,0,0,2,0,No,No,0,0,0,0,0,Dan Forester,1,Positive,"No, they stay the same",Man (cis or trans),White,31-64,Charlie,5,Positive,"No, they don’t change",Man (cis or trans),Black/African American,31-64,,,,,,,,,,,,,,,,,,,,,,,,,,,,,,,,,,,,,,,,,,,,,,,,,,,,,,,,
Sadak 2,Matthew,2020,Present,No,,No,,No,,No,,No,,No,,No,,No,,No,,No,,No,,No,,1,0,0,0,,,,,,,,,,,,,,,,,,,,,,,,,,,,,,,,,,,,,,,,,,,,,,,,,,,,,,,,,,,,,,,,,,,,,,,,,,,,,,,,,,,,,,,,
Bad Boys for Life,Adria,2020,"Past, Present",No,,No,,No,,No,,No,,No,,No,,No,,No,,No,,No,,No,,6,0,0,0,,,,,,,,,,,,,,,,,,,,,,,,,,,,,,,,,,,,,,,,,,,,,,,,,,,,,,,,,,,,,,,,,,,,,,,,,,,,,,,,,,,,,,,,
It Follows,Zoky,2014,Present,No,,No,,No,,No,,No,,No,,No,,No,,No,,No,,No,,No,,0,0,1,0,,,,,,,,,,,,,,,,,,,,,,,,,,,,,,,,,,,,,,,,,,,,,,,,,,,,,,,,,,,,,,,,,,,,,,,,,,,,,,,,,,,,,,,,
The Hitman's Bodyguard,Adria,2017,"Past, Present",No,,No,,No,,No,,No,,No,,No,,No,,No,,No,,No,,No,,1,2,0,0,,,,,,,,,,,,,,,,,,,,,,,,,,,,,,,,,,,,,,,,,,,,,,,,,,,,,,,,,,,,,,,,,,,,,,,,,,,,,,,,,,,,,,,,
Gone Girl,Zoky,2014,Present,No,,No,,No,,No,,No,,No,,No,,No,,No,,No,,No,,No,,0,0,0,0,,,,,,,,,,,,,,,,,,,,,,,,,,,,,,,,,,,,,,,,,,,,,,,,,,,,,,,,,,,,,,,,,,,,,,,,,,,,,,,,,,,,,,,,
Pitch Perfect 2,Zoky,2015,Present,No,,No,,No,,No,,No,,No,,No,,No,,No,,No,,No,,No,,0,0,0,0,,,,,,,,,,,,,,,,,,,,,,,,,,,,,,,,,,,,,,,,,,,,,,,,,,,,,,,,,,,,,,,,,,,,,,,,,,,,,,,,,,,,,,,,
Love and Monsters,Moya,2020,Future,No,,No,,No,,No,,No,,No,,No,,No,,No,,No,,No,,No,,0,0,0,0,,,,,,,,,,,,,,,,,,,,,,,,,,,,,,,,,,,,,,,,,,,,,,,,,,,,,,,,,,,,,,,,,,,,,,,,,,,,,,,,,,,,,,,,
Me Before You,Zoky,2016,"Past, Present",No,,No,,No,,No,,No,,No,,No,,No,,No,,No,,No,,No,,3,0,0,0,,,,,,,,,,,,,,,,,,,,,,,,,,,,,,,,,,,,,,,,,,,,,,,,,,,,,,,,,,,,,,,,,,,,,,,,,,,,,,,,,,,,,,,,
Birdman or (The Unexpected Virtue of Ignorance),Zoky,2014,Present,No,,No,,No,,No,,No,,No,,No,,No,,No,,No,,No,,No,,0,0,0,0,,,,,,,,,,,,,,,,,,,,,,,,,,,,,,,,,,,,,,,,,,,,,,,,,,,,,,,,,,,,,,,,,,,,,,,,,,,,,,,,,,,,,,,,
Logan Lucky,Zoky,2017,Present,No,,No,,No,,No,,No,,No,,No,,No,,No,,No,,No,,No,,0,0,0,0,,,,,,,,,,,,,,,,,,,,,,,,,,,,,,,,,,,,,,,,,,,,,,,,,,,,,,,,,,,,,,,,,,,,,,,,,,,,,,,,,,,,,,,,
Pokemon: Detective Pikachu,Zoky,2019,Present,Yes,Humans,No,,No,,No,,No,,No,,No,,Yes,Outside force,No,,No,,No,,No,,0,1,0,0,,,1,,,,,,,1,,No,No,,,,,,Pikachu,1,Positive,"No, they stay the same",Unclear,Can’t tell/unable to judge/not applicable,Unclear,,,,,,,,,,,,,,,,,,,,,,,,,,,,,,,,,,,,,,,,,,,,,,,,,,,,,,,,,,,,,,,
Army of the Dead,Adria,2021,"Past, Present",No,,No,,No,,No,,No,,No,,No,,No,,No,,No,,No,,No,,3,8,0,0,,,,,,,,,,,,,,,,,,,,,,,,,,,,,,,,,,,,,,,,,,,,,,,,,,,,,,,,,,,,,,,,,,,,,,,,,,,,,,,,,,,,,,,,
Birds of Prey and the Fantabulous Emancipation of One Harley Quinn,Adria,2020,"Past, Present",No,,No,,No,,No,,No,,No,,No,,No,,No,,No,,No,,No,,0,0,0,0,,,,,,,,,,,,,,,,,,,,,,,,,,,,,,,,,,,,,,,,,,,,,,,,,,,,,,,,,,,,,,,,,,,,,,,,,,,,,,,,,,,,,,,,
The Wolverine,Adria,2013,"Past, Present",No,,No,,No,,No,,No,,No,,No,,No,,No,,No,,No,,No,,2,4,0,0,,,,,,,,,,,,,,,,,,,,,,,,,,,,,,,,,,,,,,,,,,,,,,,,,,,,,,,,,,,,,,,,,,,,,,,,,,,,,,,,,,,,,,,,
Prisoners,Adria,2013,Present,No,,No,,No,,No,,No,,No,,No,,No,,Yes,Outside force,No,,No,,Yes,Hurricanes,0,0,1,0,,,,,,,,,,,,,,,,,,,,,,,,,,,,,,,,,,,,,,,,,,,,,,,,,,,,,,,,,,,,,,,,,,,,,,,,,,,,,,,,,,,,,,,,
Brahmastra Part One: Shiva,Moya,2022,Present,No,,No,,No,,No,,No,,No,,No,,No,,No,,No,,No,,No,,0,0,0,0,,,,,,,,,,,,,,,,,,,,,,,,,,,,,,,,,,,,,,,,,,,,,,,,,,,,,,,,,,,,,,,,,,,,,,,,,,,,,,,,,,,,,,,,
Project Power,Jerald,2020,Present,No,,No,,No,,No,,No,,No,,No,,No,,No,,No,,No,,No,,0,0,1,0,,,,,,,,,,,,,,,,,,,,,,,,,,,,,,,,,,,,,,,,,,,,,,,,,,,,,,,,,,,,,,,,,,,,,,,,,,,,,,,,,,,,,,,,
Spider-Man: No Way Home,Jerald,2021,Present,No,,No,,No,,No,,No,,No,,No,,No,,No,,No,,No,,No,,0,0,0,0,,,,,,,,,,,,,,,,,,,,,,,,,,,,,,,,,,,,,,,,,,,,,,,,,,,,,,,,,,,,,,,,,,,,,,,,,,,,,,,,,,,,,,,,
Nobody,Moya,2021,Present,No,,No,,No,,No,,No,,No,,No,,No,,No,,No,,No,,No,,0,9,0,0,,,,,,,,,,,,,,,,,,,,,,,,,,,,,,,,,,,,,,,,,,,,,,,,,,,,,,,,,,,,,,,,,,,,,,,,,,,,,,,,,,,,,,,,
The Father,Adria,2020,"Past, Present",No,,No,,No,,No,,No,,No,,No,,No,,No,,No,,No,,No,,0,0,0,0,,,,,,,,,,,,,,,,,,,,,,,,,,,,,,,,,,,,,,,,,,,,,,,,,,,,,,,,,,,,,,,,,,,,,,,,,,,,,,,,,,,,,,,,
Uncut Gems,Adria,2019,Present,No,,No,,No,,No,,No,,No,,No,,No,,No,,No,,No,,No,,0,1,0,0,,,,,,,,,,,,,,,,,,,,,,,,,,,,,,,,,,,,,,,,,,,,,,,,,,,,,,,,,,,,,,,,,,,,,,,,,,,,,,,,,,,,,,,,
Shang-Chi and the Legend of the Ten Rings,Adria,2021,"Past, Present",No,,No,,No,,No,,No,,No,,No,,Yes,Outside force,No,,No,,No,,No,,2,4,0,0,,,,,,,,,,,,,,,,,,,,,,,,,,,,,,,,,,,,,,,,,,,,,,,,,,,,,,,,,,,,,,,,,,,,,,,,,,,,,,,,,,,,,,,,
War for the Planet of the Apes,Adria,2017,Future,No,,No,,No,,No,,No,,No,,No,,No,,No,,No,,No,,No,,0,0,0,0,,,,,,,,,,,,,,,,,,,,,,,,,,,,,,,,,,,,,,,,,,,,,,,,,,,,,,,,,,,,,,,,,,,,,,,,,,,,,,,,,,,,,,,,
Sicario,Jerald,2015,Present,No,,No,,No,,No,,No,,No,,No,,No,,No,,No,,No,,No,,3,0,0,0,,,,,,,,,,,,,,,,,,,,,,,,,,,,,,,,,,,,,,,,,,,,,,,,,,,,,,,,,,,,,,,,,,,,,,,,,,,,,,,,,,,,,,,,
Iron Man 3,Jerald,2013,"Past, Present",No,,No,,No,,No,,No,,Yes,Humans,No,,No,,No,,No,,No,,No,,2,0,0,0,Minor problem(s) in terms of gravity and/or urgency that the world need not be that concerned about,It’s unclear,,,,,,1,,,,No,No,0,0,0,0,0,Aldrich Killian,4,Negative,"No, they stay the same",Man (cis or trans),White,31-64,President Ellis,11,Mixed or ambivalent,"No, they don’t change",Man (cis or trans),White,31-64,,,,,,,,,,,,,,,,,,,,,,,,,,,,,,,,,,,,,,,,,,,,,,,,,,,,,,,,
Busanhaeng (Train to Busan),Adria,2016,"Past, Present",No,,Yes,Humans,Yes,Humans,No,,No,,No,,No,,No,,No,,No,,No,,No,,0,13,0,0,Minor problem(s) in terms of gravity and/or urgency that the world need not be that concerned about,It’s unclear,0,2,1,0,0,0,0,0,1,Yes,No,0,0,0,0,0,Seok-woo,1,Positive,"No, they stay the same",Man (cis or trans),East Asian/Pacific Islander,31-64,,,,,,,,,,,,,,,,,,,,,,,,,,,,,,,,,,,,,,,,,,,,,,,,,,,,,,,,,,,,,,,
Jurassic World: Fallen Kingdom,Zoky,2018,Present,No,,No,,No,,No,,No,,No,,No,,No,,No,,No,,No,,No,,0,0,0,0,,,,,,,,,,,,,,,,,,,,,,,,,,,,,,,,,,,,,,,,,,,,,,,,,,,,,,,,,,,,,,,,,,,,,,,,,,,,,,,,,,,,,,,,
Game Night,Jerald,2018,Present,No,,No,,No,,No,,No,,No,,No,,No,,No,,No,,No,,No,,0,2,0,0,,,,,,,,,,,,,,,,,,,,,,,,,,,,,,,,,,,,,,,,,,,,,,,,,,,,,,,,,,,,,,,,,,,,,,,,,,,,,,,,,,,,,,,,
Justice League,Double,2017,"Past, Present",Yes,Humans,No,,No,,No,,No,,No,,Yes,Humans,No,,No,,No,,No,,No,,2,0,0,0,Minor problem(s) in terms of gravity and/or urgency that the world need not be that concerned about,"People who are less privileged (based on their gender, race, ethnicity, ability, socioeconomic status, or nationality) are the only ones who suffer – or suffer more than others",1,,,,,,1,2,4,Yes,No,0,0,0,0,0,Batman,1,Positive,"No, they stay the same",Man (cis or trans),White,31-64,Wonder Woman,4,Positive,"No, they stay the same",Woman (cis or trans),White,31-64,The Flash,5,Positive,"No, they stay the same",Man (cis or trans),White,18-30,Aquaman,6,Positive,"No, they don’t change",Man (cis or trans),East Asian/Pacific Islander,31-64,Cyborg,7,Positive,"No, they don’t change",Man (cis or trans),Black/African American,18-30,,,,,,,,,,,,,,,,,,,,,,,,,,,,,,,,,,,
The Unbearable Weight of Massive Talent,Double,2022,Present,No,,No,,No,,No,,No,,No,,No,,No,,No,,No,,No,,No,,3,0,0,0,,,,,,,,,,,,,,,,,,,,,,,,,,,,,,,,,,,,,,,,,,,,,,,,,,,,,,,,,,,,,,,,,,,,,,,,,,,,,,,,,,,,,,,,
Transformers: The Last Knight,Double,2017,"Past, Present",No,,No,,No,,No,,No,,No,,No,,No,,No,,No,,No,,No,,2,0,0,0,,,,,,,,,,,,,,,,,,,,,,,,,,,,,,,,,,,,,,,,,,,,,,,,,,,,,,,,,,,,,,,,,,,,,,,,,,,,,,,,,,,,,,,,
The Purge,Double,2013,Future,No,,No,,No,,No,,No,,No,,No,,No,,No,,No,,No,,No,,0,0,0,0,,,,,,,,,,,,,,,,,,,,,,,,,,,,,,,,,,,,,,,,,,,,,,,,,,,,,,,,,,,,,,,,,,,,,,,,,,,,,,,,,,,,,,,,
10 Cloverfield Lane,Double,2016,Present,No,,No,,No,,No,,No,,No,,Yes,Humans,No,,No,,No,,No,,No,,0,0,0,0,,,,,,,,,,,,,,,,,,,,,,,,,,,,,,,,,,,,,,,,,,,,,,,,,,,,,,,,,,,,,,,,,,,,,,,,,,,,,,,,,,,,,,,,
Neighbors,Double,2014,Present,No,,No,,No,,No,,No,,No,,No,,No,,No,,No,,No,,No,,0,0,0,0,,,,,,,,,,,,,,,,,,,,,,,,,,,,,,,,,,,,,,,,,,,,,,,,,,,,,,,,,,,,,,,,,,,,,,,,,,,,,,,,,,,,,,,,
Tomb Raider,Double,2018,"Past, Present",No,,No,,No,,No,,No,,No,,No,,No,,No,,No,,No,,No,,0,0,3,0,,,,,,,,,,,,,,,,,,,,,,,,,,,,,,,,,,,,,,,,,,,,,,,,,,,,,,,,,,,,,,,,,,,,,,,,,,,,,,,,,,,,,,,,
Scream,Double,2022,Present,No,,No,,No,,No,,No,,No,,No,,No,,No,,No,,No,,No,,0,0,0,0,,,,,,,,,,,,,,,,,,,,,,,,,,,,,,,,,,,,,,,,,,,,,,,,,,,,,,,,,,,,,,,,,,,,,,,,,,,,,,,,,,,,,,,,
Now You See Me 2,Double,2016,Present,No,,No,,No,,No,,No,,No,,No,,No,,No,,No,,No,,No,,9,0,0,0,,,,,,,,,,,,,,,,,,,,,,,,,,,,,,,,,,,,,,,,,,,,,,,,,,,,,,,,,,,,,,,,,,,,,,,,,,,,,,,,,,,,,,,,
Avengers: Endgame,Double,2019,"Past, Present, Future",No,,No,,No,,No,,Yes,Outside force,No,,No,,No,,Yes,Outside force,No,,No,,No,,0,0,1,0,Minor problem(s) in terms of gravity and/or urgency that the world need not be that concerned about,It’s unclear,0,0,0,0,1,0,0,0,7,No,No,0,7,0,0,0,Iron Man,1,Positive,"No, they stay the same",Man (cis or trans),White,31-64,Captain America,2,Positive,"No, they don’t change",Man (cis or trans),White,31-64,Thor,4,Mixed or ambivalent,"No, they don’t change",Man (cis or trans),White,31-64,Black Widow,5,Positive,"No, they don’t change",Woman (cis or trans),White,31-64,Colon Rhodes,7,Positive,"No, they don’t change",Man (cis or trans),Black/African American,18-30,Carol Danvers,11,Positive,"No, they don’t change",Woman (cis or trans),White,31-64,Rocket Raccoon,10,Positive,"No, they don’t change",Man (cis or trans),Can’t tell/unable to judge/not applicable,Unclear,,,,,,,,,,,,,,,,,,,,,
Split,Double,2016,"Past, Present",No,,No,,No,,No,,No,,No,,No,,No,,No,,No,,No,,No,,0,0,0,0,,,,,,,,,,,,,,,,,,,,,,,,,,,,,,,,,,,,,,,,,,,,,,,,,,,,,,,,,,,,,,,,,,,,,,,,,,,,,,,,,,,,,,,,
Red Sparrow,Double,2018,Present,No,,No,,No,,No,,No,,No,,No,,No,,No,,No,,No,,No,,2,2,0,0,,,,,,,,,,,,,,,,,,,,,,,,,,,,,,,,,,,,,,,,,,,,,,,,,,,,,,,,,,,,,,,,,,,,,,,,,,,,,,,,,,,,,,,,
The Interview,Double,2014,Present,No,,No,,No,,No,,No,,No,,No,,No,,Yes,Outside force,No,,No,,No,,2,1,0,0,,,,,,,,,,,,,,,,,,,,,,,,,,,,,,,,,,,,,,,,,,,,,,,,,,,,,,,,,,,,,,,,,,,,,,,,,,,,,,,,,,,,,,,,
The Mitchells vs. the Machines,Double,2021,"Past, Present",No,,No,,No,,Yes,Humans,No,,No,,No,,Yes,Outside force,Yes,Outside force,No,,No,,No,,0,0,0,0,Minor problem(s) in terms of gravity and/or urgency that the world need not be that concerned about,It's unclear,0,0,0,1,0,0,0,0,1,No,No,12,0,0,0,0,Rick Mitchell,2,Positive,"No, they stay the same",Man (cis or trans),White,31-64,,,,,,,,,,,,,,,,,,,,,,,,,,,,,,,,,,,,,,,,,,,,,,,,,,,,,,,,,,,,,,,
Moonlight,Double,2016,"Past, Present",No,,No,,No,,No,,No,,No,,No,,No,,No,,No,,No,,No,,0,2,0,0,,,,,,,,,,,,,,,,,,,,,,,,,,,,,,,,,,,,,,,,,,,,,,,,,,,,,,,,,,,,,,,,,,,,,,,,,,,,,,,,,,,,,,,,
Wind River,Double,2017,Present,No,,No,,No,,No,,No,,No,,No,,Yes,Outside force,No,,No,,No,,No,,1,0,0,0,,,,,,,,,,,,,,,,,,,,,,,,,,,,,,,,,,,,,,,,,,,,,,,,,,,,,,,,,,,,,,,,,,,,,,,,,,,,,,,,,,,,,,,,
Nightcrawler,Double,2014,Present,No,,No,,No,,No,,No,,No,,No,,No,,No,,No,,No,,No,,0,1,1,0,,,,,,,,,,,,,,,,,,,,,,,,,,,,,,,,,,,,,,,,,,,,,,,,,,,,,,,,,,,,,,,,,,,,,,,,,,,,,,,,,,,,,,,,
Non-Stop,Double,2014,Present,No,,No,,No,,No,,No,,No,,No,,No,,No,,No,,No,,No,,20,0,0,0,,,,,,,,,,,,,,,,,,,,,,,,,,,,,,,,,,,,,,,,,,,,,,,,,,,,,,,,,,,,,,,,,,,,,,,,,,,,,,,,,,,,,,,,
Venom: Let There Be Carnage,Double,2021,Present,No,,No,,No,,No,,No,,No,,No,,No,,No,,No,,No,,No,,0,0,0,0,,,,,,,,,,,,,,,,,,,,,,,,,,,,,,,,,,,,,,,,,,,,,,,,,,,,,,,,,,,,,,,,,,,,,,,,,,,,,,,,,,,,,,,,
It Chapter Two,Double,2019,"Past, Present",No,,Yes,Humans,No,,No,,No,,No,,No,,No,,No,,No,,No,,No,,0,0,7,0,Minor problem(s) in terms of gravity and/or urgency that the world need not be that concerned about,It’s unclear,,1,,,,,,,6,No,No,,,,,,Bill Denbrough,2,Positive,"No, they stay the same",Man (cis or trans),White,31-64,Beverly Marsh,1,Positive,"No, they don’t change",Woman (cis or trans),White,31-64,Richie Tozier,3,Positive,"No, they don’t change",Man (cis or trans),White,31-64,Mike Hanlon,4,Positive,"No, they don’t change",Man (cis or trans),Black/African American,31-64,Ben Hanscom,5,Positive,"No, they don’t change",Man (cis or trans),White,31-64,Eddie Kaspbrak,6,Positive,"No, they don’t change",Man (cis or trans),White,31-64,,,,,,,,,,,,,,,,,,,,,,,,,,,,
Godzilla: King of the Monsters,Double,2019,Present,Yes,Humans,No,,Yes,Humans,Yes,Humans,Yes,Humans,No,,No,,Yes,Outside force,No,,No,,No,,No,,0,0,0,0,Major problem(s) in terms of gravity and/or urgency that the world should be concerned about,It’s unclear,1,0,1,1,1,0,0,0,1,Yes,No,0,1,0,0,0,Dr. Emma Russell,,Mixed or ambivalent,"No, they stay the same",Woman (cis or trans),White,31-64,,,,,,,,,,,,,,,,,,,,,,,,,,,,,,,,,,,,,,,,,,,,,,,,,,,,,,,,,,,,,,,
Kimi no na wa (Your Name),Double,2016,"Past, Present, Future",No,,No,,No,,No,,No,,No,,No,,No,,No,,No,,No,,No,,0,4,3,0,,,,,,,,,,,,,,,,,,,,,,,,,,,,,,,,,,,,,,,,,,,,,,,,,,,,,,,,,,,,,,,,,,,,,,,,,,,,,,,,,,,,,,,,
Glass,Double,2019,"Past, Present",No,,No,,No,,No,,No,,No,,No,,No,,No,,No,,No,,No,,0,1,0,0,,,,,,,,,,,,,,,,,,,,,,,,,,,,,,,,,,,,,,,,,,,,,,,,,,,,,,,,,,,,,,,,,,,,,,,,,,,,,,,,,,,,,,,,
Her,Double,2013,Future,No,,No,,No,,No,,No,,No,,No,,No,,No,,No,,No,,No,,0,1,0,0,,,,,,,,,,,,,,,,,,,,,,,,,,,,,,,,,,,,,,,,,,,,,,,,,,,,,,,,,,,,,,,,,,,,,,,,,,,,,,,,,,,,,,,,
Crazy Rich Asians,Double,2018,Present,No,,No,,No,,No,,No,,No,,No,,No,,No,,No,,No,,No,,7,0,0,0,,,,,,,,,,,,,,,,,,,,,,,,,,,,,,,,,,,,,,,,,,,,,,,,,,,,,,,,,,,,,,,,,,,,,,,,,,,,,,,,,,,,,,,,
The Menu,Double,2022,Present,No,,No,,No,,No,,No,,No,,No,,No,,No,,No,,No,,No,,0,0,0,0,,,,,,,,,,,,,,,,,,,,,,,,,,,,,,,,,,,,,,,,,,,,,,,,,,,,,,,,,,,,,,,,,,,,,,,,,,,,,,,,,,,,,,,,
Now You See Me,Double,2013,Present,No,,No,,No,,No,,No,,No,,No,,No,,No,,No,,No,,No,,8,0,0,0,,,,,,,,,,,,,,,,,,,,,,,,,,,,,,,,,,,,,,,,,,,,,,,,,,,,,,,,,,,,,,,,,,,,,,,,,,,,,,,,,,,,,,,,
Ghostbusters: Afterlife,Double,2021,Present,No,,No,,Yes,Humans,No,,No,,No,,No,,No,,No,,No,,No,,Yes,"thunder, lightning, small tornado and earthquakes caused by the ghosts",0,0,1,0,Minor problem(s) in terms of gravity and/or urgency that the world need not be that concerned about,Everyone suffer from the biophysical effects of climate change equally,,,1,,,,1,0,2,No,No,0,0,0,0,,,5,Positive,"No, they stay the same",Man (cis or trans),East Asian/Pacific Islander,11-17,,,Positive,,Man (cis or trans),White,31-64,,,Mixed or ambivalent,,,,,,,,,,,,,,,,,,,,,,,,,,,,,,,,,,,,,,,,,,,,,,,,,,,,,
Ocean's 8,Double,2018,Present,No,,No,,No,,No,,No,,No,,No,,No,,No,,No,,No,,No,,0,9,0,0,,,,,,,,,,,,,,,,,,,,,,,,,,,,,,,,,,,,,,,,,,,,,,,,,,,,,,,,,,,,,,,,,,,,,,,,,,,,,,,,,,,,,,,,
Monsters University,Double,2013,Present,No,,No,,No,,No,,No,,No,,No,,No,,No,,No,,No,,No,,0,1,0,0,,,,,,,,,,,,,,,,,,,,,,,,,,,,,,,,,,,,,,,,,,,,,,,,,,,,,,,,,,,,,,,,,,,,,,,,,,,,,,,,,,,,,,,,
Finding Dory,Double,2016,Present,No,,No,,No,,No,,No,,Yes,Humans,No,,No,,No,,No,,No,,No,,0,0,0,0,Minor problem(s) in terms of gravity and/or urgency that the world need not be that concerned about,It's unclear,,,,,,3,,,,,,,,,,,,,,,,,,,,,,,,,,,,,,,,,,,,,,,,,,,,,,,,,,,,,,,,,,,,,,,,,,,,,,,,,,,,,,,,
Blade Runner 2049,Double,2017,Future,Yes,Humans,No,,Yes,Humans,Yes,Humans,Yes,Humans,No,,Yes,Humans,Yes,Humans,No,,Yes,Humans,No,,Yes,snow storms in California,0,0,0,0,Minor problem(s) in terms of gravity and/or urgency that the world need not be that concerned about,"People who are less privileged (based on their gender, race, ethnicity, ability, socioeconomic status, or nationality) are the only ones who suffer – or suffer more than others",0,0,6,2,1,0,2,0,,,,,,,,,,,,,,,,,,,,,,,,,,,,,,,,,,,,,,,,,,,,,,,,,,,,,,,,,,,,,,,,,,,,,,,,,,,,,,
Arrival,Double,2016,Present,No,,No,,No,,No,,No,,No,,No,,No,,No,,No,,No,,No,,0,0,0,0,,,,,,,,,,,,,,,,,,,,,,,,,,,,,,,,,,,,,,,,,,,,,,,,,,,,,,,,,,,,,,,,,,,,,,,,,,,,,,,,,,,,,,,,
Snowpiercer,Double,2013,Future,Yes,Humans,No,,No,,No,,Yes,Humans,No,,Yes,Humans,No,,No,,No,,No,,No,,0,0,0,0,Minor problem(s) in terms of gravity and/or urgency that the world need not be that concerned about,"People who are less privileged (based on their gender, race, ethnicity, ability, socioeconomic status, or nationality) are the only ones who suffer – or suffer more than others",1,0,0,0,1,0,0,0,,,,,,,,,,,,,,,,,,,,,,,,,,,,,,,,,,,,,,,,,,,,,,,,,,,,,,,,,,,,,,,,,,,,,,,,,,,,,,
San Andreas,Double,2015,Present,No,,No,,No,,No,,No,,No,,No,,No,,Yes,Outside force,No,,No,,Yes,"earthquakes, tsunamis",4,0,0,0,It's unclear,It's unclear,,,,,,,,,,,,,,,,,,,,,,,,,,,,,,,,,,,,,,,,,,,,,,,,,,,,,,,,,,,,,,,,,,,,,,,,,,,,,,,,,,,,,,
Mad Max: Fury Road,Double,2015,Future,No,,Yes,Humans,Yes,Humans,Yes,Humans,Yes,Humans,No,,Yes,Humans,No,,No,,Yes,Humans,Yes,Humans,Yes,"sandstorms, lightning, tornadoes",0,0,0,0,Major problem(s) in terms of gravity and/or urgency that the world should be concerned about,"People who are less privileged (based on their gender, race, ethnicity, ability, socioeconomic status, or nationality) are the only ones who suffer – or suffer more than others",0,1,1,2,3,0,4,0,,Yes,No,1,0,0,0,0,Keeper of the Seeds,18,Positive,"No, they stay the same",Woman (cis or trans),White,65+,,,,,,,,,,,,,,,,,,,,,,,,,,,,,,,,,,,,,,,,,,,,,,,,,,,,,,,,,,,,,,,
Glass Onion,Double,2022,Present,Yes,Humans,No,,No,,No,,No,,No,,No,,No,,No,,No,,No,,No,,0,0,0,0,Minor problem(s) in terms of gravity and/or urgency that the world need not be that concerned about,"People who are more privileged (based on their gender, race, ethnicity, ability, socioeconomic status, or nationality) are the only ones who suffer – or suffer more than others",4,0,0,0,0,0,0,6,0,No,No,0,1,0,0,1,Miles Bron,1,Negative,"No, they stay the same",Man (cis or trans),White,31-64,Lionel Toussaint,5,Negative,"No, they stay the same",Man (cis or trans),Black/African American,31-64,Claire Debella,4,Negative,"No, they stay the same",Woman (cis or trans),White,31-64,Helen Brand,3,Mixed or ambivalent,"Yes, they become more concerened and/or engaged",Woman (cis or trans),Black/African American,31-64,Benoit Blanc,1,Mixed or ambivalent,"Yes, they become more concerned and/or engaged",Man (cis or trans),White,31-64,Devon Debella,12,Mixed or ambivalent,"No, they stay the same",Man (cis or trans),White,31-64,,,,,,,,,,,,,,,,,,,,,,,,,,,,
Tenet,Double,2020,Present,Yes,Humans,No,,No,,No,,No,,No,,Yes,Humans,No,,No,,No,,No,,No,,0,0,0,0,Major problem(s) that the world should be concerned about in terms of gravity and/or urgency,It’s unclear,1,0,0,0,0,0,0,1,,Yes,No,0,1,0,0,0,Andrei Sator,3,Negative,"No, they stay the same",Man (cis or trans),White,31-64,,,,,,,,,,,,,,,,,,,,,,,,,,,,,,,,,,,,,,,,,,,,,,,,,,,,,,,,,,,,,,,
Aquaman,Double,2018,"Past, Present",Yes,Humans,No,,Yes,Humans,No,,No,,Yes,Humans,No,,Yes,,Yes,,No,,Yes,,No,,0,0,0,0,Unclear,It's unclear,1,0,1,0,0,3,1,5,5,Yes,No,0,0,0,0,0,Arthur,1,Positive,"No, they stay the same",Man (cis or trans),Mixed/Other,31-64,Mera,2,Mixed or ambivalent,"No, they stay the same",Woman (cis or trans),White,31-64,King Orm,4,Negative,"No, they stay the same",Man (cis or trans),White,31-64,King Nereus,6,Negative,"No, they do not change",Man (cis or trans),White,31-64,Dr. Stephen Shin,11,Negative,"No, they do not change",Man (cis or trans),East Asian/Pacific Islander,31-64,,,,,,,,,,,,,,,,,,,,,,,,,,,,,,,,,,,
Triangle of Sadness,Double,2022,Present,Yes,Humans,No,,No,,No,,No,,Yes,Humans,No,,Yes,,No,,No,,No,,No,,0,0,0,0,Minor problem(s) in terms of gravity and/or urgency that the world need not be that concerned about,It’s unclear,2,0,0,0,0,1,0,1,0,No,No,0,0,0,0,0,Lewis,18,Mixed or ambivalent,"No, they stay the same",Man (cis or trans),White,18-30,,,,,,,,,,,,,,,,,,,,,,,,,,,,,,,,,,,,,,,,,,,,,,,,,,,,,,,,,,,,,,,
Avengers: Infinity War,Double,2018,Present,No,,No,,No,,Yes,Outside Force,Yes,Outside Force,No,,No,,No,,No,,No,,No,,No,,0,0,2,0,Major problem(s) in terms of gravity and/or urgency that the world should be concerned about,It's unclear,0,0,0,1,1,0,0,0,1,Yes,No,0,0,0,0,1,Thanos,6,Negative,"No, they stay the same",Man (cis or trans),Can't tell/unable to judge/not applicable,Unclear,,,,,,,,,,,,,,,,,,,,,,,,,,,,,,,,,,,,,,,,,,,,,,,,,,,,,,,,,,,,,,,
Pacific Rim,Double,2013,Future,Yes,Humans,No,,Yes,Humans,No,,No,,Yes,Humans,No,,Yes,,No,,No,,No,,No,,0,0,0,0,Minor problem(s) in terms of gravity and/or urgency that the world need not be that concerned about,It's unclear,1,0,1,0,0,2,1,1,0,No,No,0,0,0,0,0,Dr. Newton Geiszler,5,Positive,"No, they stay the same",Man (cis or trans),White,31-64,,,,,,,,,,,,,,,,,,,,,,,,,,,,,,,,,,,,,,,,,,,,,,,,,,,,,,,,,,,,,,,
Don't Look Up,Double,2021,Present,Yes,Humans,No,,Yes,,No,,Yes,Outside force,No,,No,,No,,Yes,,No,,Yes,,No,,4,0,2,0,Major problem(s) in terms of gravity and/or urgency that the world should be concerned about,"People who are less privileged (based on their gender, race, ethnicity, ability, socioeconomic status, or nationality) are the only ones who suffer – or suffer more than others",1,0,1,0,2,0,0,2,2,Yes,No,,2,2,0,0,Dr. Randall Mindy,1,Mixed or ambivalent,"Yes, they become more concerned and/or engaged",Man (cis or trans),White,31-64,Kate Dibiasky,2,Mixed or ambivalent,"No, they stay the same",Woman (cis or trans),White,18-30,,,,,,,,,,,,,,,,,,,,,,,,,,,,,,,,,,,,,,,,,,,,,,,,,,,,,,,,
Interstellar,Double,2014,Future,Yes,Humans,No,,Yes,Humans,No,,Yes,Humans,No,,No,,No,,No,,No,,Yes,Humans,Yes,dust storms,0,0,0,0,Major problem(s) in terms of gravity and/or urgency that the world should be concerned about,Everyone suffers from the biophysical effects of climate change equally,1,0,9,0,5,0,0,0,7,Yes,Yes,0,0,0,7,0,Cooper,1,Positive,"No, they stay the same",Man (cis or trans),White,31-64,Murph,2,Positive,"No, they stay the same",Woman (cis or trans),White,Unclear,Brand,3,Positive,"No, they don’t change",Woman (cis or trans),White,31-64,Prof. Brand,4,Mixed or ambivalent,"No, they don’t change",Man (cis or trans),White,65+,Romilly,5,Positive,"No, they don’t change",Man (cis or trans),Black/African American,31-64,Doyle,6,Positive,"No, they don’t change",Man (cis or trans),White,31-64,Mann,7,Negative,"Yes, they become less concerned and/or engaged",Man (cis or trans),White,31-64,,,,,,,,,,,,,,,,,,,,,
Fantastic Four,Double,2015,"Past, Present",Yes,Humans,No,,No,,No,,No,,No,,No,,No,,No,,No,,No,,No,,0,0,0,0,Unclear,It’s unclear,4,0,0,0,0,0,0,2,0,Yes,Yes,0,1,0,1,1,Victor Von Doom,5,Negative,"No, they stay the same",Man (cis or trans),White,18-30,Dr. Franklin Storm,6,Positive,"No, they don’t change",Man (cis or trans),Black/African American,31-64,,,,,,,,,,,,,,,,,,,,,,,,,,,,,,,,,,,,,,,,,,,,,,,,,,,,,,,,
The Killing of a Sacred Deer,Double,2017,Present,No,,No,,No,,No,,No,,No,,No,,No,,No,,No,,No,,No,,0,0,0,0,,,,,,,,,,,,,,,,,,,,,,,,,,,,,,,,,,,,,,,,,,,,,,,,,,,,,,,,,,,,,,,,,,,,,,,,,,,,,,,,,,,,,,,,
Dawn of the Planet of the Apes,Double,2014,Future,No,,No,,No,,No,,No,,No,,No,,No,,No,,No,,No,,No,,0,0,0,0,,,,,,,,,,,,,,,,,,,,,,,,,,,,,,,,,,,,,,,,,,,,,,,,,,,,,,,,,,,,,,,,,,,,,,,,,,,,,,,,,,,,,,,,
CODA,Double,2021,Present,Yes,Humans,No,,No,,No,,No,,No,,No,,No,,No,,No,,No,,No,,0,0,1,0,Minor problem(s) in terms of gravity and/or urgency that the world need not be that concerned about,"People who are less privileged (based on their gender, race, ethnicity, ability, socioeconomic status, or nationality) are the only ones who suffer – or suffer more than others",1,,,,,,,0,,No,No,,,,,,,,,,,,,,,,,,,,,,,,,,,,,,,,,,,,,,,,,,,,,,,,,,,,,,,,,,,,,,,,,,,,,,,,,,,
Toy Story 4,Moya,2019,Present,No,,No,,No,,No,,No,,No,,No,,No,,No,,No,,No,,No,,0,0,2,0,,,,,,,,,,,,,,,,,,,,,,,,,,,,,,,,,,,,,,,,,,,,,,,,,,,,,,,,,,,,,,,,,,,,,,,,,,,,,,,,,,,,,,,,
The Whale,Zoky,2022,Past,No,,No,,No,,No,,No,,No,,No,,No,,No,,No,,No,,No,,0,0,0,0,,,,,,,,,,,,,,,,,,,,,,,,,,,,,,,,,,,,,,,,,,,,,,,,,,,,,,,,,,,,,,,,,,,,,,,,,,,,,,,,,,,,,,,,
Annihilation,Jerald,2018,Present,No,,No,,No,,No,,No,,No,,No,,No,,No,,No,,No,,No,,0,0,0,0,,,0,0,0,0,0,0,0,0,0,,,,,,,,,,,,,,,,,,,,,,,,,,,,,,,,,,,,,,,,,,,,,,,,,,,,,,,,,,,,,,,,,,,,,,,,,,,,,
The Invisible Man,Dominic,2020,Present,No,,No,,No,,No,,No,,No,,No,,No,,No,,No,,No,,No,,0,0,0,0,,,,,,,,,,,,,,,,,,,,,,,,,,,,,,,,,,,,,,,,,,,,,,,,,,,,,,,,,,,,,,,,,,,,,,,,,,,,,,,,,,,,,,,,
Black Panther,Zoky,2018,Present,No,,No,,No,,No,,No,,No,,No,,No,,No,,No,,No,,No,,0,0,0,0,,,,,,,,,,,,,,,,,,,,,,,,,,,,,,,,,,,,,,,,,,,,,,,,,,,,,,,,,,,,,,,,,,,,,,,,,,,,,,,,,,,,,,,,