Title,Number of votes,Runtime (minutes),Genre,Rating,Certificate,Gross Domestic Box Office (USD),Director,Stars,Budget (USD),Worldwide BO Gross
Iron Man 3,866749,130,"Action, Adventure, Sci-Fi",7.1,PG,409013994,Shane Black,"Robert Downey Jr., Guy Pearce, Gwyneth Paltrow, Don Cheadle","200,000,000","1,215,392,272"
Man of Steel,784431,143,"Action, Adventure, Sci-Fi",7.1,PG,291045518,Zack Snyder,"Henry Cavill, Amy Adams, Michael Shannon, Diane Lane","225,000,000","667,999,518"
Prisoners,741809,153,"Crime, Drama, Mystery",8.1,NC-16,61002302,Denis Villeneuve,"Hugh Jackman, Jake Gyllenhaal, Viola Davis, Melissa Leo","46,000,000","113,310,547"
Now You See Me,676397,115,"Crime, Mystery, Thriller",7.2,PG13,117723989,Louis Leterrier,"Jesse Eisenberg, Common, Mark Ruffalo, Woody Harrelson","75,000,000","342,769,200"
Her,633369,126,"Drama, Romance, Sci-Fi",8,M18,25568251,Spike Jonze,"Joaquin Phoenix, Amy Adams, Scarlett Johansson, Rooney Mara",23000000,48300000
Oblivion,536398,124,"Action, Adventure, Sci-Fi",7,PG13,89021735,Joseph Kosinski,"Tom Cruise, Morgan Freeman, Andrea Riseborough, Olga Kurylenko","120,000,000","287,916,633"
Pacific Rim,511905,131,"Action, Adventure, Sci-Fi",6.9,PG13,101802906,Guillermo del Toro,"Idris Elba, Charlie Hunnam, Rinko Kikuchi, Charlie Day","190,000,000","411,002,906"
The Wolverine,476472,126,"Action, Sci-Fi",6.7,PG13,132556852,James Mangold,"Hugh Jackman, Will Yun Lee, Tao Okamoto, Rila Fukushima","115,000,000","416,456,852"
Captain Phillips,471725,134,"Action, Biography, Crime",7.8,PG,107100855,Paul Greengrass,"Tom Hanks, Barkhad Abdi, Barkhad Abdirahman, Catherine Keener","55,000,000","220,648,184"
We're the Millers,462031,110,"Comedy, Crime",7,R21,150394119,Rawson Marshall Thurber,"Jason Sudeikis, Jennifer Aniston, Emma Roberts, Ed Helms",37000000,270000000
This Is the End,421433,107,"Comedy, Fantasy",6.6,R21,101470202,"Evan Goldberg, Seth Rogen","James Franco, Jonah Hill, Seth Rogen, Jay Baruchel",32000000,126500000
Despicable Me 2,409316,98,"Animation, Adventure, Comedy",7.3,G,368061265,"Pierre Coffin, Chris Renaud","Steve Carell, Kristen Wiig, Benjamin Bratt, Miranda Cosgrove","76,000,000","975,216,835"
Fast & Furious 6,401654,130,"Action, Adventure, Crime",7,PG13,238679850,Justin Lin,"Vin Diesel, Paul Walker, Dwayne Johnson, Michelle Rodriguez",160000000,788700000
Snowpiercer,370596,126,"Action, Drama, Sci-Fi",7.1,NC16,4563650,Bong Joon Ho,"Chris Evans, Jamie Bell, Tilda Swinton, Ed Harris","40,000,000","86,808,204"
Monsters University,370056,104,"Animation, Adventure, Comedy",7.2,PG,268492764,Dan Scanlon,"Billy Crystal, John Goodman, Steve Buscemi, Helen Mirren","200,000,000","743,455,810"
About Time,363111,123,"Comedy, Drama, Fantasy",7.8,NC-16,15322921,Richard Curtis,"Domhnall Gleeson, Rachel McAdams, Bill Nighy, Lydia Wilson",12000000,88500000
The Secret Life of Walter Mitty,325766,114,"Adventure, Comedy, Drama",7.3,PG,58236838,Ben Stiller,"Ben Stiller, Kristen Wiig, Jon Daly, Kathryn Hahn","91,000,000","187,861,183"
The Hangover Part III,322601,100,"Comedy, Crime",5.8,M18,112200072,Todd Phillips,"Bradley Cooper, Zach Galifianakis, Ed Helms, Justin Bartha",103000000,362000000
The World's End,288243,109,"Action, Comedy, Sci-Fi",6.9,NC-16,26004851,Edgar Wright,"Simon Pegg, Nick Frost, Martin Freeman, Rosamund Pike",20000000,46100000
Olympus Has Fallen,282758,119,"Action, Thriller",6.5,NC-16,98925640,Antoine Fuqua,"Gerard Butler, Aaron Eckhart, Morgan Freeman, Angela Bassett","70,000,000","172,878,928"
Kick-Ass 2,279204,103,"Action, Comedy, Crime",6.5,M18,28795985,Jeff Wadlow,"Aaron Taylor-Johnson, Chloë Grace Moretz, Christopher Mintz-Plasse, Jim Carrey",28000000,96200000
Escape Plan,249038,115,"Action, Thriller",6.7,NC-16,25132228,Mikael Håfström,"Sylvester Stallone, Arnold Schwarzenegger, 50 Cent, Vincent D'Onofrio","70,000,000","103,735,965"
Don Jon,242762,90,"Comedy, Drama, Romance",6.5,R,24477704,Joseph Gordon-Levitt,"Joseph Gordon-Levitt, Scarlett Johansson, Julianne Moore, Tony Danza",7500000,41300000
Warm Bodies,235755,98,"Comedy, Horror, Romance",6.8,PG13,66380662,Jonathan Levine,"Nicholas Hoult, Teresa Palmer, John Malkovich, Lio Tipton",35000000,117000000
The Purge,229940,85,"Horror, Sci-Fi, Thriller",5.7,NC-16,64473115,James DeMonaco,"Ethan Hawke, Lena Headey, Max Burkholder, Adelaide Kane",30000000,91300000
Interstellar,1901461,169,"Adventure, Drama, Sci-Fi",8.6,PG13,188020017,Christopher Nolan,"Matthew McConaughey, Anne Hathaway, Jessica Chastain, Mackenzie Foy","165,000,000","648,082,655"
Gone Girl,1006009,149,"Drama, Mystery, Thriller",8.1,R21,167767189,David Fincher,"Ben Affleck, Rosamund Pike, Neil Patrick Harris, Tyler Perry","61,000,000","367,160,781"
Whiplash,900205,106,"Drama, Music",8.5,R,13092000,Damien Chazelle,"Miles Teller, J.K. Simmons, Melissa Benoist, Paul Reiser",3300000,4900000
Captain America: The Winter Soldier,864241,136,"Action, Adventure, Sci-Fi",7.8,PG,259766572,"Anthony Russo, Joe Russo","Chris Evans, Samuel L. Jackson, Scarlett Johansson, Robert Redford","170,000,000","714,401,889"
Edge of Tomorrow,697444,113,"Action, Adventure, Sci-Fi",7.9,PG13,100206256,Doug Liman,"Tom Cruise, Emily Blunt, Bill Paxton, Brendan Gleeson","178,000,000","367,028,980"
John Wick,688491,101,"Action, Crime, Thriller",7.4,NC16,43037835,"Chad Stahelski, David Leitch","Keanu Reeves, Michael Nyqvist, Alfie Allen, Willem Dafoe",30000000,8600000
Kingsman: The Secret Service,684238,129,"Action, Adventure, Comedy",7.7,M18,128261724,Matthew Vaughn,"Colin Firth, Taron Egerton, Samuel L. Jackson, Michael Caine","94,000,000","404,561,724"
Birdman or (The Unexpected Virtue of Ignorance),644335,119,"Comedy, Drama",7.7,M18,42340598,Alejandro G. Iñárritu,"Michael Keaton, Zach Galifianakis, Edward Norton, Andrea Riseborough",17000000,103200000
Nightcrawler,567534,117,"Crime, Drama, Thriller",7.8,PG13,32381218,Dan Gilroy,"Jake Gyllenhaal, Rene Russo, Bill Paxton, Riz Ahmed",8500000,38700000
Ex Machina,560283,108,"Drama, Sci-Fi, Thriller",7.7,M18,25442958,Alex Garland,"Alicia Vikander, Domhnall Gleeson, Oscar Isaac, Sonoya Mizuno",1500000,37300000
The Amazing Spider-Man 2,511303,142,"Action, Adventure, Sci-Fi",6.6,PG13,202853933,Marc Webb,"Andrew Garfield, Emma Stone, Jamie Foxx, Paul Giamatti","200,000,000","708,996,336"
Lucy,510586,89,"Action, Sci-Fi, Thriller",6.4,NC16,126663600,Luc Besson,"Scarlett Johansson, Morgan Freeman, Choi Min-sik, Amr Waked","40,000,000","457,507,776"
Dawn of the Planet of the Apes,450877,130,"Action, Adventure, Drama",7.6,PG13,208545589,Matt Reeves,"Gary Oldman, Keri Russell, Andy Serkis, Kodi Smit-McPhee","170,000,000","710,644,566"
Godzilla,422182,123,"Action, Adventure, Sci-Fi",6.4,PG13,200676069,Gareth Edwards,"Aaron Taylor-Johnson, Elizabeth Olsen, Bryan Cranston, Ken Watanabe","160,000,000","529,076,069"
22 Jump Street,388267,112,"Action, Comedy, Crime",7,R,191719337,"Phil Lord, Christopher Miller","Channing Tatum, Jonah Hill, Ice Cube, Nick Offerman","50,000,000","331,333,876"
The Fault in Our Stars,386332,126,"Drama, Romance",7.7,PG13,124872350,Josh Boone,"Shailene Woodley, Ansel Elgort, Nat Wolff, Laura Dern",1200000,307200000
The Equalizer,383348,132,"Action, Crime, Thriller",7.2,M18,101530738,Antoine Fuqua,"Denzel Washington, Marton Csokas, Chloë Grace Moretz, David Harbour","55,000,000","192,903,624"
Boyhood,359662,165,Drama,7.9,NC16,25379975,Richard Linklater,"Ellar Coltrane, Patricia Arquette, Ethan Hawke, Elijah Smith",4000000,57300000
The Interview,340725,112,"Action, Adventure, Comedy",6.5,R21,6105175,"Evan Goldberg, Seth Rogen","James Franco, Seth Rogen, Randall Park, Lizzy Caplan","44,000,000","12,342,632"
Transformers: Age of Extinction,320242,165,"Action, Adventure, Sci-Fi",5.6,PG13,245439076,Michael Bay,"Mark Wahlberg, Nicola Peltz Beckham, Jack Reynor, Stanley Tucci","210,000,000","1,104,054,072"
Neighbors,318365,97,Comedy,6.3,R21,150157400,Nicholas Stoller,"Seth Rogen, Rose Byrne, Zac Efron, Lisa Kudrow",18000000,270700000
Non-Stop,269288,106,"Action, Mystery, Thriller",6.9,PG13,92168600,Jaume Collet-Serra,"Liam Neeson, Julianne Moore, Scoot McNairy, Michelle Dockery","50,000,000","222,383,055"
It Follows,251943,100,"Horror, Mystery, Thriller",6.8,M18,14674077,David Robert Mitchell,"Maika Monroe, Keir Gilchrist, Olivia Luccardi, Lili Sepe",1300000,23300000
RoboCop,233144,117,"Action, Crime, Sci-Fi",6.1,PG13,58607007,José Padilha,"Joel Kinnaman, Gary Oldman, Michael Keaton, Abbie Cornish","120,000,000","242,981,799"
The Babadook,233107,94,"Horror, Mystery",6.8,NC16,924279,Jennifer Kent,"Essie Davis, Noah Wiseman, Daniel Henshall, Hayley McElhinney",2000000,10500000
Mad Max: Fury Road,1027155,120,"Action, Adventure, Sci-Fi",8.1,NC16,154058340,George Miller,"Tom Hardy, Charlize Theron, Nicholas Hoult, Zoë Kravitz","150,000,000","365,769,378"
Avengers: Age of Ultron,883056,141,"Action, Adventure, Sci-Fi",7.3,PG13,459005868,Joss Whedon,"Robert Downey Jr., Chris Evans, Mark Ruffalo, Chris Hemsworth","365,000,000","1,395,316,979"
Ant-Man,690416,117,"Action, Comedy, Sci-Fi",7.3,PG,180202163,Peyton Reed,"Paul Rudd, Michael Douglas, Corey Stoll, Evangeline Lilly","130,000,000","518,858,449"
Jurassic World,655682,124,"Action, Adventure, Sci-Fi",6.9,PG13,652270625,Colin Trevorrow,"Chris Pratt, Bryce Dallas Howard, Ty Simpkins, Judy Greer","215,000,000","1,669,963,641"
Spectre,450083,148,"Action, Adventure, Thriller",6.8,PG13,200074175,Sam Mendes,"Daniel Craig, Christoph Waltz, Léa Seydoux, Ralph Fiennes","300,000,000","879,077,344"
The Big Short,445546,130,"Biography, Comedy, Drama",7.8,R,70259870,Adam McKay,"Christian Bale, Steve Carell, Ryan Gosling, Brad Pitt",28000000,133400000
Sicario,444790,121,"Action, Crime, Drama",7.6,NC16,46889293,Denis Villeneuve,"Emily Blunt, Josh Brolin, Benicio Del Toro, Jon Bernthal",30000000,85000000
Room,430748,118,"Drama, Thriller",8.1,PG13,14677674,Lenny Abrahamson,"Brie Larson, Jacob Tremblay, Sean Bridgers, Wendy Crewson",13000000,4988000
Fast & Furious 7,398052,137,"Action, Crime, Thriller",7.1,PG13,353007020,James Wan,"Vin Diesel, Paul Walker, Dwayne Johnson, Jason Statham",190000000,151500000
Mission: Impossible - Rogue Nation,382882,131,"Action, Adventure, Thriller",7.4,PG13,195042377,Christopher McQuarrie,"Tom Cruise, Rebecca Ferguson, Jeremy Renner, Simon Pegg",150000000,682700000
Fifty Shades of Grey,325649,125,"Drama, Romance, Thriller",4.2,R21,166167230,Sam Taylor-Johnson,"Dakota Johnson, Jamie Dornan, Jennifer Ehle, Eloise Mumford","40,000,000","570,794,950"
Creed,295698,133,"Action, Drama, Sport",7.6,PG13,109767581,Ryan Coogler,"Michael B. Jordan, Sylvester Stallone, Tessa Thompson, Phylicia Rashad","37,000,000","173,567,581"
Terminator Genisys,283937,126,"Action, Adventure, Sci-Fi",6.3,PG13,89760956,Alan Taylor,"Arnold Schwarzenegger, Jason Clarke, Emilia Clarke, Jai Courtney",155000000,440600000
The Lobster,268626,119,"Drama, Romance, Sci-Fi",7.1,M18,8699235,Yorgos Lanthimos,"Colin Farrell, Rachel Weisz, Jessica Barden, Olivia Colman",4500000,18000000
Maze Runner: The Scorch Trials,260110,131,"Action, Adventure, Sci-Fi",6.3,PG,81697192,Wes Ball,"Dylan O'Brien, Kaya Scodelario, Thomas Brodie-Sangster, Giancarlo Esposito","61,000,000","310,566,162"
The Intern,259762,121,"Comedy, Drama",7.1,PG13,75764672,Nancy Meyers,"Robert De Niro, Anne Hathaway, Rene Russo, Anders Holm","40,000,000","197,115,710"
Chappie,258894,120,"Action, Crime, Drama",6.8,NC16,31569268,Neill Blomkamp,"Sharlto Copley, Dev Patel, Hugh Jackman, Sigourney Weaver","49,000,000","105,002,056"
Focus,258223,105,"Comedy, Crime, Drama",6.6,M18,53862963,"Glenn Ficarra, John Requa","Will Smith, Margot Robbie, Rodrigo Santoro, Adrian Martinez","65,000,000","168,065,700"
Spy,249812,120,"Action, Comedy",7,M18,110825712,Paul Feig,"Melissa McCarthy, Rose Byrne, Jude Law, Jason Statham",65000000,235700000
Southpaw,246390,124,"Action, Crime, Drama",7.3,NC16,52421953,Antoine Fuqua,"Jake Gyllenhaal, Rachel McAdams, Oona Laurence, Forest Whitaker",30000000,94000000
San Andreas,245254,114,"Action, Adventure, Thriller",6.1,PG13,155190832,Brad Peyton,"Dwayne Johnson, Carla Gugino, Alexandra Daddario, Colton Haynes","110,000,000","456,258,539"
Ted 2,218352,115,Comedy,6.3,M18,81476385,Seth MacFarlane,"Mark Wahlberg, Seth MacFarlane, Amanda Seyfried, Jessica Barth","68,000,000","217,214,143"
Fantastic Four,171098,100,"Action, Adventure, Sci-Fi",4.3,PG,56117548,Josh Trank,"Miles Teller, Kate Mara, Michael B. Jordan, Jamie Bell","87,500,000","333,132,750"
The Gift,163653,108,"Drama, Mystery, Thriller",7,NC16,43771291,Joel Edgerton,"Jason Bateman, Rebecca Hall, Joel Edgerton, Allison Tolman",5000000,60000000
Pitch Perfect 2,162571,115,"Comedy, Music",6.4,PG13,184296230,Elizabeth Banks,"Anna Kendrick, Rebel Wilson, Hailee Steinfeld, Brittany Snow",29000000,287500000
Deadpool,1064445,108,"Action, Comedy",8,M18,363070709,Tim Miller,"Ryan Reynolds, Morena Baccarin, T.J. Miller, Ed Skrein","58,000,000","781,947,691"
Captain America: Civil War,808981,147,"Action, Sci-Fi",7.8,PG,408084349,"Anthony Russo, Joe Russo","Chris Evans, Robert Downey Jr., Scarlett Johansson, Sebastian Stan","250,000,000","1,151,899,586"
Doctor Strange,763176,115,"Action, Adventure, Fantasy",7.5,PG13,232641920,Scott Derrickson,"Benedict Cumberbatch, Chiwetel Ejiofor, Rachel McAdams, Benedict Wong","165,000,000","676,343,174"
Arrival,716548,116,"Drama, Mystery, Sci-Fi",7.9,PG13,100546139,Denis Villeneuve,"Amy Adams, Jeremy Renner, Forest Whitaker, Michael Stuhlbarg","47,000,000","202,754,970"
Batman v Superman: Dawn of Justice,711044,151,"Action, Adventure, Sci-Fi",6.4,PG13,330360194,Zack Snyder,"Ben Affleck, Henry Cavill, Amy Adams, Jesse Eisenberg","263,000,000","872,395,091"
Suicide Squad,698003,123,"Action, Adventure, Fantasy",5.9,PG13,325100054,David Ayer,"Will Smith, Jared Leto, Margot Robbie, Viola Davis","175,000,000","745,744,980"
La La Land,613203,128,"Comedy, Drama, Music",8,PG13,151101803,Damien Chazelle,"Ryan Gosling, Emma Stone, Rosemarie DeWitt, J.K. Simmons",30000000,447400000
Split,516016,117,"Horror, Thriller",7.3,PG13,138291365,M. Night Shyamalan,"James McAvoy, Anya Taylor-Joy, Haley Lu Richardson, Jessica Sula",9000000,278500000
Zootopia,514690,108,"Animation, Adventure, Comedy",8,PG,341268248,"Byron Howard, Rich Moore, Jared Bush","Ginnifer Goodwin, Jason Bateman, Idris Elba, Jenny Slate","150,000,000","1,002,462,578"
Passengers,420201,116,"Drama, Romance, Sci-Fi",7,PG13,100014699,Morten Tyldum,"Jennifer Lawrence, Chris Pratt, Michael Sheen, Laurence Fishburne","110,000,000","302,239,672"
10 Cloverfield Lane,338913,103,"Drama, Horror, Mystery",7.2,PG13,72082998,Dan Trachtenberg,"John Goodman, Mary Elizabeth Winstead, John Gallagher Jr., Douglas M. Griffin",15000000,110200000
Moonlight,317401,111,Drama,7.4,M18,27854932,Barry Jenkins,"Mahershala Ali, Naomie Harris, Trevante Rhodes, Alex R. Hibbert",1500000,65200000
The Accountant,303988,128,"Action, Thriller",7.3,NC16,86260045,Gavin O'Connor,"Ben Affleck, Anna Kendrick, J.K. Simmons, Jon Bernthal","40,000,000","152,962,083"
Now You See Me 2,302134,129,"Action, Adventure, Comedy",6.4,PG,65075540,Jon M. Chu,"Jesse Eisenberg, Mark Ruffalo, Woody Harrelson, Dave Franco","90,000,000","328,325,007"
Manchester by the Sea,292816,137,Drama,7.8,NC16,47695371,Kenneth Lonergan,"Casey Affleck, Michelle Williams, Kyle Chandler, Lucas Hedges",9000000,79000000
Nocturnal Animals,288662,116,"Drama, Thriller",7.5,M18,10663357,Tom Ford,"Amy Adams, Jake Gyllenhaal, Michael Shannon, Aaron Taylor-Johnson",22500000,32400000
Finding Dory,285831,97,"Animation, Adventure, Comedy",7.3,PG,486295561,"Andrew Stanton, Angus MacLane","Ellen DeGeneres, Albert Brooks, Ed O'Neill, Kaitlin Olson","200,000,000","1,025,006,125"
Don't Breathe,284804,88,"Crime, Horror, Thriller",7.1,NC16,89217875,Fede Alvarez,"Stephen Lang, Jane Levy, Dylan Minnette, Daniel Zovatto",9900000,157800000
Kimi no na wa (Your Name),284686,106,"Animation, Drama, Fantasy",8.4,PG,5017246,Makoto Shinkai,"Ryunosuke Kamiki, Mone Kamishiraishi, Ryo Narita, Aoi Yûki",5287612,382200000
Sully,282043,96,"Biography, Drama",7.4,PG13,125070033,Clint Eastwood,"Tom Hanks, Aaron Eckhart, Laura Linney, Valerie Mahaffey","60,000,000","238,524,556"
Me Before You,265557,106,"Drama, Romance",7.4,PG13,56245075,Thea Sharrock,"Emilia Clarke, Sam Claflin, Janet McTeer, Charles Dance",20000000,208300000
Lion,242225,118,"Biography, Drama",8,PG,51739495,Garth Davis,"Dev Patel, Nicole Kidman, Rooney Mara, Sunny Pawar",12000000,1663000000
Hell or High Water,238338,102,"Crime, Drama, Thriller",7.6,M18,26862450,David Mackenzie,"Chris Pine, Ben Foster, Jeff Bridges, Gil Birmingham",12000000,37900000
Ghostbusters,236559,117,"Action, Comedy, Fantasy",6.8,PG,128344089,Paul Feig,"Melissa McCarthy, Kristen Wiig, Kate McKinnon, Leslie Jones","144,000,000","229,008,658"
Busanhaeng (Train to Busan),233387,118,"Action, Horror, Thriller",7.6,NC16,2129768,Sang-ho Yeon,"Gong Yoo, Jung Yu-mi, Ma Dong-seok, Su-an Kim",8500000,98500000
Logan,784884,137,"Action, Drama, Sci-Fi",8.1,M18,226277068,James Mangold,"Hugh Jackman, Patrick Stewart, Dafne Keen, Boyd Holbrook","127,000,000","614,202,315"
Spider-Man: Homecoming,677348,133,"Action, Adventure, Sci-Fi",7.4,PG13,334201140,Jon Watts,"Tom Holland, Michael Keaton, Robert Downey Jr., Marisa Tomei","175,000,000","878,271,291"
Get Out,638141,104,"Horror, Mystery, Thriller",7.7,NC16,176040665,Jordan Peele,"Daniel Kaluuya, Allison Williams, Bradley Whitford, Catherine Keener",45000000,255400000
Blade Runner 2049,600693,164,"Action, Drama, Mystery",8,M18,92054159,Denis Villeneuve,"Harrison Ford, Ryan Gosling, Ana de Armas, Dave Bautista","185,000,000","258,023,203"
Baby Driver,564136,113,"Action, Crime, Drama",7.6,NC16,107825862,Edgar Wright,"Ansel Elgort, Jon Bernthal, Jon Hamm, Eiza González",34000000,226900000
John Wick: Chapter 2,473073,122,"Action, Crime, Thriller",7.4,M18,92029184,Chad Stahelski,"Keanu Reeves, Riccardo Scamarcio, Ian McShane, Ruby Rose",40000000,174300000
Justice League,462177,120,"Action, Adventure, Fantasy",6.1,PG,229024295,Zack Snyder,"Ben Affleck, Gal Gadot, Jason Momoa, Ezra Miller","300,000,000","655,945,209"
Jumanji: Welcome to the Jungle,395453,119,"Action, Adventure, Comedy",6.9,PG,404515480,Jake Kasdan,"Dwayne Johnson, Karen Gillan, Kevin Hart, Jack Black","90,000,000","961,632,807"
Kingsman: The Golden Circle,342032,141,"Action, Adventure, Comedy",6.7,M18,100234838,Matthew Vaughn,"Taron Egerton, Colin Firth, Mark Strong, Channing Tatum","104,000,000","408,803,696"
War for the Planet of the Apes,265860,140,"Action, Adventure, Drama",7.4,PG,146880162,Matt Reeves,"Andy Serkis, Woody Harrelson, Steve Zahn, Karin Konoval","152,000,000","489,592,267"
Wind River,261645,107,"Crime, Drama, Mystery",7.7,R,33800859,Taylor Sheridan,"Elizabeth Olsen, Jeremy Renner, Graham Greene, Kelsey Asbille",11000000,45000000
The Fate of the Furious,239202,136,"Action, Crime, Thriller",6.6,PG13,226008385,F. Gary Gray,"Vin Diesel, Jason Statham, Dwayne Johnson, Michelle Rodriguez","250,000,000","1,235,534,014"
The Hitman's Bodyguard,237700,118,"Action, Comedy, Crime",6.9,R,75468583,Patrick Hughes,"Ryan Reynolds, Samuel L. Jackson, Gary Oldman, Elodie Yung",70000000,183400000
Mother!,235022,121,"Drama, Horror, Mystery",6.6,NC16,17800004,Darren Aronofsky,"Jennifer Lawrence, Javier Bardem, Ed Harris, Michelle Pfeiffer",30000000,44500000
Ghost in the Shell,220202,107,"Action, Crime, Drama",6.3,PG13,40563557,Rupert Sanders,"Scarlett Johansson, Pilou Asbæk, Takeshi Kitano, Juliette Binoche","110,000,000","167,910,690"
The Mummy,195913,111,"Action, Adventure, Fantasy",5.4,PG13,80101125,Alex Kurtzman,"Tom Cruise, Sofia Boutella, Annabelle Wallis, Russell Crowe","195,000,000","409,953,905"
Baywatch,192930,116,"Action, Comedy, Crime",5.5,M18,58060186,Seth Gordon,"Dwayne Johnson, Zac Efron, Alexandra Daddario, Priyanka Chopra Jonas","60,000,000","175,863,783"
Molly's Game,178792,140,"Biography, Crime, Drama",7.4,NC16,28780744,Aaron Sorkin,"Jessica Chastain, Idris Elba, Kevin Costner, Michael Cera",30000000,59300000
Wonder,169926,113,"Drama, Family",7.9,PG,132422809,Stephen Chbosky,"Jacob Tremblay, Owen Wilson, Izabela Vidovic, Julia Roberts",20000000,306000000
The Killing of a Sacred Deer,163513,121,"Drama, Horror, Mystery",7,M18,2291901,Yorgos Lanthimos,"Barry G. Bernson, Herb Caillouet, Bill Camp, Raffey Cassidy",13000000,70000000
Transformers: The Last Knight,157442,154,"Action, Adventure, Sci-Fi",5.2,PG13,130168683,Michael Bay,"Mark Wahlberg, Anthony Hopkins, Josh Duhamel, Laura Haddock","217,000,000","602,893,340"
Logan Lucky,155031,118,"Action, Comedy, Crime",7,PG13,27780977,Steven Soderbergh,"Channing Tatum, Adam Driver, Daniel Craig, Farrah Mackenzie",29000000,48500000
Happy Death Day,150592,96,"Comedy, Horror, Mystery",6.6,PG13,55683845,Christopher Landon,"Jessica Rothe, Israel Broussard, Ruby Modine, Charles Aitken",48000000,125500000
Despicable Me 3,142213,89,"Animation, Adventure, Comedy",6.2,PG,264624300,"Kyle Balda, Pierre Coffin, Eric Guillon","Steve Carell, Kristen Wiig, Trey Parker, Miranda Cosgrove","75,000,000","1,032,809,657"
The Big Sick,139042,120,"Comedy, Drama, Romance",7.5,NC16,42873127,Michael Showalter,"Kumail Nanjiani, Zoe Kazan, Holly Hunter, Ray Romano",5000000,56400000
Avengers: Infinity War,1117946,149,"Action, Adventure, Sci-Fi",8.4,PG13,678815482,"Anthony Russo, Joe Russo","Robert Downey Jr., Chris Hemsworth, Mark Ruffalo, Chris Evans","300,000,000","2,048,359,754"
Black Panther,799739,134,"Action, Adventure, Sci-Fi",7.3,PG,700059566,Ryan Coogler,"Chadwick Boseman, Michael B. Jordan, Lupita Nyong'o, Danai Gurira","200,000,000","1,336,494,320"
Deadpool 2,602819,119,"Action, Adventure, Comedy",7.6,M18,324591735,David Leitch,"Ryan Reynolds, Josh Brolin, Morena Baccarin, Julian Dennison","110,000,000","786,362,370"
Spider-Man: Into the Spider-Verse,559617,117,"Animation, Action, Adventure",8.4,PG,190241310,"Bob Persichetti, Peter Ramsey, Rodney Rothman","Shameik Moore, Jake Johnson, Hailee Steinfeld, Mahershala Ali",90000000,384300000
A Quiet Place,547472,90,"Drama, Horror, Sci-Fi",7.5,PG13,188024361,John Krasinski,"Emily Blunt, John Krasinski, Millicent Simmonds, Noah Jupe",17000000,341000000
Venom,503201,112,"Action, Adventure, Sci-Fi",6.6,PG13,213515506,Ruben Fleischer,"Tom Hardy, Michelle Williams, Riz Ahmed, Scott Haze","116,000,000","856,081,053"
Aquaman,489616,143,"Action, Adventure, Fantasy",6.8,PG13,335061807,James Wan,"Jason Momoa, Amber Heard, Willem Dafoe, Patrick Wilson","160,000,000","1,143,758,700"
Ready Player One,452412,140,"Action, Adventure, Sci-Fi",7.4,PG13,137690172,Steven Spielberg,"Tye Sheridan, Olivia Cooke, Ben Mendelsohn, Lena Waithe","150,000,000","579,055,653"
Ant-Man and the Wasp,422589,118,"Action, Adventure, Comedy",7,PG,216648740,Peyton Reed,"Paul Rudd, Evangeline Lilly, Michael Peña, Walton Goggins","130,000,000","623,144,660"
A Star Is Born,396598,136,"Drama, Music, Romance",7.6,M18,215288866,Bradley Cooper,"Lady Gaga, Bradley Cooper, Sam Elliott, Greg Grunberg","36,000,000","431,870,523"
Bird Box,357355,124,"Horror, Mystery, Sci-Fi",6.6,M18,0,Susanne Bier,"Sandra Bullock, Trevante Rhodes, John Malkovich, Sarah Paulson",19800000,2181474
Mission: Impossible - Fallout,343721,147,"Action, Adventure, Thriller",7.7,PG13,220159104,Christopher McQuarrie,"Tom Cruise, Henry Cavill, Ving Rhames, Simon Pegg",178000000,791700000
Hereditary,339387,127,"Drama, Horror, Mystery",7.3,R,44069456,Ari Aster,"Toni Collette, Milly Shapiro, Gabriel Byrne, Alex Wolff",10000000,82800000
Annihilation,338165,115,"Adventure, Drama, Horror",6.8,M18,32732301,Alex Garland,"Natalie Portman, Jennifer Jason Leigh, Tessa Thompson, Benedict Wong","55,000,000","43,070,915"
Jurassic World: Fallen Kingdom,326438,128,"Action, Adventure, Sci-Fi",6.1,PG13,417719760,J.A. Bayona,"Chris Pratt, Bryce Dallas Howard, Rafe Spall, Justice Smith","170,000,000","1,308,323,302"
Game Night,243500,100,"Action, Adventure, Comedy",6.9,NC16,69179066,"John Francis Daley, Jonathan Goldstein","Jason Bateman, Rachel McAdams, Kyle Chandler, Sharon Horgan","37,000,000","117,378,084"
Ocean's 8,228479,110,"Action, Comedy, Crime",6.3,PG13,140218711,Gary Ross,"Sandra Bullock, Cate Blanchett, Anne Hathaway, Mindy Kaling",70000000,297800000
Tomb Raider,219244,119,"Action, Adventure, Fantasy",6.3,PG13,58250803,Roar Uthaug,"Alicia Vikander, Dominic West, Walton Goggins, Daniel Wu","90,000,000","273,477,501"
Upgrade,192388,100,"Action, Sci-Fi, Thriller",7.5,NC16,11977130,Leigh Whannell,"Logan Marshall-Green, Melanie Vallejo, Steve Danielsen, Abby Craden",3000000,17000000
Red Sparrow,192058,140,"Action, Drama, Thriller",6.6,M18,46874505,Francis Lawrence,"Jennifer Lawrence, Joel Edgerton, Matthias Schoenaerts, Charlotte Rampling","69,000,000","145,951,861"
Crazy Rich Asians,179708,120,"Comedy, Drama, Romance",6.9,PG13,174532921,Jon M. Chu,"Constance Wu, Henry Golding, Michelle Yeoh, Gemma Chan",30000000,238500000
The Meg,178431,113,"Action, Horror, Sci-Fi",5.6,PG13,143005856,Jon Turteltaub,"Jason Statham, Bingbing Li, Rainn Wilson, Cliff Curtis","178,000,000","527,267,828"
Isle of Dogs,176686,101,"Animation, Adventure, Comedy",7.8,PG,32015231,Wes Anderson,"Bryan Cranston, Koyu Rankin, Edward Norton, Bob Balaban",35000000,64200000
Rampage,174838,107,"Action, Adventure, Sci-Fi",6.1,PG13,101028233,Brad Peyton,"Dwayne Johnson, Naomie Harris, Malin Akerman, Jeffrey Dean Morgan","120,000,000","427,947,217"
Searching,171180,102,"Drama, Mystery, Thriller",7.6,PG13,26020957,Aneesh Chaganty,"John Cho, Debra Messing, Joseph Lee, Michelle La",880000,75600000
Avengers: Endgame,1174123,181,"Action, Adventure, Drama",8.4,PG13,858373000,"Anthony Russo, Joe Russo","Robert Downey Jr., Chris Evans, Mark Ruffalo, Chris Hemsworth","400,000,000","2,794,731,755"
Gisaengchung (Parasite),849461,132,"Drama, Thriller",8.5,M18,53367844,Bong Joon Ho,"Song Kang-ho, Lee Sun-kyun, Cho Yeo-jeong, Choi Woo-sik",10336518,262700000
Knives Out,724743,130,"Comedy, Crime, Drama",7.9,NC16,165359751,Rian Johnson,"Daniel Craig, Chris Evans, Ana de Armas, Jamie Lee Curtis","40,000,000","312,898,746"
Spider-Man: Far from Home,513296,129,"Action, Adventure, Comedy",7.4,PG,390532085,Jon Watts,"Tom Holland, Samuel L. Jackson, Jake Gyllenhaal, Marisa Tomei","160,000,000","1,132,107,522"
John Wick: Chapter 3 - Parabellum,386134,130,"Action, Crime, Thriller",7.4,M18,171015687,Chad Stahelski,"Keanu Reeves, Halle Berry, Ian McShane, Laurence Fishburne",75000000,327700000
Shazam!,361421,132,"Action, Adventure, Comedy",7,PG,140371656,David F. Sandberg,"Zachary Levi, Mark Strong, Asher Angel, Jack Dylan Grazer","85,000,000","363,563,907"
The Gentlemen,358890,113,"Action, Comedy, Crime",7.8,M18,36471795,Guy Ritchie,"Matthew McConaughey, Charlie Hunnam, Michelle Dockery, Jeremy Strong",22000000,115200000
Midsommar,348803,148,"Drama, Horror, Mystery",7.1,R21,27331977,Ari Aster,"Florence Pugh, Jack Reynor, Vilhelm Blomgren, William Jackson Harper",9000000,47860000
Marriage Story,323433,137,"Drama, Romance",7.9,M18,2000000,Noah Baumbach,"Adam Driver, Scarlett Johansson, Julia Greer, Azhy Robertson",18000000,2300000
Us,314043,116,"Horror, Mystery, Thriller",6.8,NC16,175084580,Jordan Peele,"Lupita Nyong'o, Winston Duke, Elisabeth Moss, Tim Heidecker",20000000,256100000
Uncut Gems,295566,135,"Crime, Drama, Thriller",7.4,NC16,0,"Benny Safdie, Josh Safdie","Adam Sandler, Julia Fox, Idina Menzel, Mesfin Lamengo",19000000,50000000
It Chapter Two,278814,169,"Drama, Fantasy, Horror",6.5,M18,211593228,Andy Muschietti,"Jessica Chastain, James McAvoy, Bill Hader, Isaiah Mustafa",79000000,473100000
El Camino: A Breaking Bad Movie,265673,122,"Action, Crime, Drama",7.3,M18,0,Vince Gilligan,"Aaron Paul, Jonathan Banks, Matt Jones, Charles Baker",6000000,0
Jumanji: The Next Level,262227,123,"Action, Adventure, Comedy",6.7,PG,316831246,Jake Kasdan,"Dwayne Johnson, Jack Black, Kevin Hart, Karen Gillan","125,000,000","798,210,215"
Toy Story 4,260928,100,"Animation, Adventure, Comedy",7.7,PG,434038008,Josh Cooley,"Tom Hanks, Tim Allen, Annie Potts, Tony Hale","200,000,000","1,073,064,540"
Glass,252607,129,"Drama, Horror, Sci-Fi",6.6,PG13,111048468,M. Night Shyamalan,"James McAvoy, Bruce Willis, Samuel L. Jackson, Anya Taylor-Joy",20000000,247000000
El Hoyo (The Platform),243246,94,"Horror, Sci-Fi, Thriller",7,R21,0,Galder Gaztelu-Urrutia,"Ivan Massagué, Zorion Eguileor, Antonia San Juan, Emilio Buale",1203235,1090116
Fast & Furious Presents: Hobbs & Shaw,220588,137,"Action, Adventure, Thriller",6.5,PG13,173956935,David Leitch,"Dwayne Johnson, Jason Statham, Idris Elba, Vanessa Kirby","200,000,000","760,732,926"
Doctor Sleep,201053,152,"Drama, Fantasy, Horror",7.3,M18,31581712,Mike Flanagan,"Ewan McGregor, Rebecca Ferguson, Kyliegh Curran, Cliff Curtis","45,000,000","71,720,838"
Godzilla: King of the Monsters,189797,132,"Action, Adventure, Fantasy",6,PG13,110500138,Michael Dougherty,"Kyle Chandler, Vera Farmiga, Millie Bobby Brown, Ken Watanabe","170,000,000","383,299,914"
Zombieland: Double Tap,188183,99,"Action, Comedy, Horror",6.7,M18,73123082,Ruben Fleischer,"Woody Harrelson, Jesse Eisenberg, Emma Stone, Abigail Breslin","48,000,000","125,213,018"
6 Underground,184631,128,"Action, Thriller",6.1,R21,0,Michael Bay,"Ryan Reynolds, Mélanie Laurent, Manuel Garcia-Rulfo, Ben Hardy","150,000,000",0
Terminator: Dark Fate,183948,128,"Action, Adventure, Sci-Fi",6.2,NC16,62253077,Tim Miller,"Linda Hamilton, Arnold Schwarzenegger, Mackenzie Davis, Natalia Reyes","185,000,000","250,367,666"
Pokemon: Detective Pikachu,170911,104,"Action, Adventure, Comedy",6.5,PG,144105346,Rob Letterman,"Ryan Reynolds, Justice Smith, Kathryn Newton, Bill Nighy","150,000,000","428,919,826"
Ready or Not,162665,95,"Action, Comedy, Horror",6.8,M18,28714231,"Matt Bettinelli-Olpin, Tyler Gillett","Samara Weaving, Adam Brody, Mark O'Brien, Henry Czerny",6000000,57600000
Tenet,528086,150,"Action, Sci-Fi, Thriller",7.3,PG13,58456624,Christopher Nolan,"John David Washington, Robert Pattinson, Elizabeth Debicki, Juhan Ulfsak","205,000,000","360,240,189"
Soul,343883,100,"Animation, Adventure, Comedy",8,PG,0,"Pete Docter, Kemp Powers","Jamie Foxx, Tina Fey, Graham Norton, Rachel House",150000000,121031304
Birds of Prey and the Fantabulous Emancipation of One Harley Quinn,248480,109,"Action, Comedy, Crime",6,NC16,84158461,Cathy Yan,"Margot Robbie, Rosie Perez, Mary Elizabeth Winstead, Jurnee Smollett",100000000,205300000
A Quiet Place Part II,246086,97,"Drama, Horror, Sci-Fi",7.2,PG13,160072261,John Krasinski,"Emily Blunt, Millicent Simmonds, Cillian Murphy, John Krasinski",61000000,297400000
The Invisible Man,236896,124,"Drama, Horror, Mystery",7.1,M18,70410000,Leigh Whannell,"Elisabeth Moss, Oliver Jackson-Cohen, Harriet Dyer, Aldis Hodge",7000000,144500000
Extraction,213025,116,"Action, Thriller",6.7,NC16,0,Sam Hargrave,"Chris Hemsworth, Bryon Lerum, Ryder Lerum, Rudhraksh Jaiswal","65,000,000",0
Promising Young Woman,186655,113,"Crime, Drama, Mystery",7.5,NC16,0,Emerald Fennell,"Carey Mulligan, Bo Burnham, Alison Brie, Clancy Brown",10000000,18900000
Druk (Another Round),172566,117,"Comedy, Drama",7.7,M18,0,Thomas Vinterberg,"Mads Mikkelsen, Thomas Bo Larsen, Magnus Millang, Lars Ranthe",5200000,21700000
The Old Guard,172182,125,"Action, Thriller",6.6,R21,0,Gina Prince-Bythewood,"Charlize Theron, KiKi Layne, Matthias Schoenaerts, Marwan Kenzari","70,000,000",0
Nomadland,169862,107,Drama,7.3,M18,0,Chloé Zhao,"Frances McDormand, David Strathairn, Linda May, Gay DeForest",5000000,39500000
Palm Springs,167957,90,"Comedy, Fantasy, Mystery",7.4,R,0,Max Barbakow,"Andy Samberg, Cristin Milioti, J.K. Simmons, Peter Gallagher",5000000,1512871
The Father,166945,97,"Drama, Mystery",8.2,PG13,0,Florian Zeller,"Anthony Hopkins, Olivia Colman, Mark Gatiss, Olivia Williams",6000000,24111127
Bad Boys for Life,166351,124,"Action, Comedy, Crime",6.5,NC16,206305244,"Adil El Arbi, Bilall Fallah","Will Smith, Martin Lawrence, Vanessa Hudgens, Alexander Ludwig","90,000,000","424,471,663"
Sonic the Hedgehog,146819,99,"Action, Adventure, Comedy",6.5,PG,148974665,Jeff Fowler,"Ben Schwartz, James Marsden, Jim Carrey, Tika Sumpter","90,000,000","302,536,124"
Borat Subsequent Moviefilm: Delivery of Prodigious Bribe to American Regime for Make Benefit Once Glorious Nation of Kazakhstan,145483,95,Comedy,6.6,M18,0,Jason Woliner,"Sacha Baron Cohen, Maria Bakalova, Tom Hanks, Dani Popescu",20000000,0
I Care a Lot,137551,118,"Comedy, Crime, Drama",6.3,R21,0,J Blakeson,"Rosamund Pike, Peter Dinklage, Eiza González, Dianne Wiest",14000000,1351662
Love and Monsters,133871,109,"Action, Adventure, Comedy",6.9,PG13,1070714,Michael Matthews,"Dylan O'Brien, Jessica Henwick, Michael Rooker, Dan Ewing",30000000,1100000
Dil Bechara,132456,101,"Comedy, Drama, Romance",8.4,PG,0,Mukesh Chhabra,"Sushant Singh Rajput, Sanjana Sanghi, Sahil Vaid, Saswata Chatterjee",33021300,0
Greenland,123150,119,"Action, Thriller",6.4,PG13,0,Ric Roman Waugh,"Gerard Butler, Morena Baccarin, Roger Dale Floyd, Scott Glenn",35000000,52300000
The Hunt,119382,90,"Action, Horror, Thriller",6.5,R21,5812500,Craig Zobel,"Betty Gilpin, Hilary Swank, Ike Barinholtz, Wayne Duvall",14000000,12400000
Soorarai Pottru,119287,153,"Action, Drama",8.7,PG13,0,Sudha Kongara,"Suriya, Paresh Rawal, Aparna Balamurali, Vinodhini Vaidynathan",15000000,0
Eurovision Song Contest: The Story of Fire Saga,97502,123,"Comedy, Music",6.5,R21,0,David Dobkin,"Will Ferrell, Rachel McAdams, Dan Stevens, Mikael Persbrandt",35000000,0
Sadak 2,96235,133,"Action, Drama",1.2,,0,Mahesh Bhatt,"Alia Bhatt, Sanjay Dutt, Aditya Roy Kapoor, Priyanka Bose",52000000,70000000
365 dni,92967,114,"Drama, Romance",3.3,R21,0,"Barbara Bialowas, Tomasz Mandes","Anna-Maria Sieklucka, Michele Morrone, Bronislaw Wroclawski, Otar Saralidze",7500000,9458333
Project Power,92692,113,"Action, Crime, Sci-Fi",6,M18,0,"Henry Joost, Ariel Schulman","Jamie Foxx, Joseph Gordon-Levitt, Dominique Fishback, Rodrigo Santoro","85,100,000",0
Spider-Man: No Way Home,791633,148,"Action, Adventure, Fantasy",8.2,PG,804747988,Jon Watts,"Tom Holland, Zendaya, Benedict Cumberbatch, Jacob Batalon","200,000,000","1,910,048,245"
Don't Look Up,555985,138,"Comedy, Drama, Sci-Fi",7.2,M18,0,Adam McKay,"Leonardo DiCaprio, Jennifer Lawrence, Meryl Streep, Cate Blanchett",75000000,791863
No Time to Die,417241,163,"Action, Adventure, Thriller",7.3,PG13,160869031,Cary Joji Fukunaga,"Daniel Craig, Ana de Armas, Rami Malek, Léa Seydoux","250,000,000","759,959,662"
Zack Snyder's Justice League,411259,242,"Action, Adventure, Fantasy",8,NC16,0,Zack Snyder,"Henry Cavill, Ben Affleck, Gal Gadot, Amy Adams",70000000,657900000
Shang-Chi and the Legend of the Ten Rings,400000,132,"Action, Adventure, Fantasy",7.4,PG,224543292,Destin Daniel Cretton,"Simu Liu, Awkwafina, Tony Leung Chiu-wai, Ben Kingsley","150,000,000","432,224,634"
Black Widow,394976,134,"Action, Adventure, Sci-Fi",6.7,PG13,183651655,Cate Shortland,"Scarlett Johansson, Florence Pugh, David Harbour, Rachel Weisz","200,000,000","379,751,131"
Free Guy,388650,115,"Action, Adventure, Comedy",7.1,PG13,121626598,Shawn Levy,"Ryan Reynolds, Jodie Comer, Taika Waititi, Lil Rel Howery",125000000,331500000
The Suicide Squad,369625,132,"Action, Adventure, Comedy",7.2,M18,55817425,James Gunn,"Margot Robbie, Idris Elba, John Cena, Joel Kinnaman","185,000,000","167,097,737"
Eternals,357168,156,"Action, Adventure, Fantasy",6.3,M18,164870234,Chloé Zhao,"Gemma Chan, Richard Madden, Angelina Jolie, Salma Hayek","200,000,000","401,731,759"
Red Notice,289343,118,"Action, Comedy, Thriller",6.3,NC16,0,Rawson Marshall Thurber,"Dwayne Johnson, Ryan Reynolds, Gal Gadot, Ritu Arya","150,000,000","173,638"
Nobody,282079,92,"Action, Crime, Drama",7.4,NC16,27268035,Ilya Naishuller,"Bob Odenkirk, Aleksey Serebryakov, Connie Nielsen, Christopher Lloyd",16000000,57510518
Venom: Let There Be Carnage,235829,97,"Action, Sci-Fi, Thriller",5.9,PG13,213550366,Andy Serkis,"Tom Hardy, Woody Harrelson, Michelle Williams, Naomie Harris","110,000,000","501,546,922"
Godzilla vs. Kong,218866,113,"Action, Sci-Fi, Thriller",6.3,PG13,100916094,Adam Wingard,"Alexander Skarsgård, Millie Bobby Brown, Rebecca Hall, Brian Tyree Henry","155,000,000","468,043,852"
The Tomorrow War,213331,138,"Action, Adventure, Drama",6.5,M18,0,Chris McKay,"Chris Pratt, Yvonne Strahovski, J.K. Simmons, Betty Gilpin","200,000,000","19,220,000"
Ghostbusters: Afterlife,191433,124,"Adventure, Comedy, Fantasy",7.1,PG13,129360575,Jason Reitman,"Carrie Coon, Paul Rudd, Finn Wolfhard, Mckenna Grace","75,000,000","203,614,138"
Wrath of Man,188926,119,"Action, Crime, Thriller",7.1,R,27466489,Guy Ritchie,"Jason Statham, Holt McCallany, Josh Hartnett, Rocci Boy Williams","40,000,000","103,913,405"
Mortal Kombat,180258,110,"Action, Adventure, Fantasy",6,M18,42201013,Simon McQuoid,"Lewis Tan, Jessica McNamee, Josh Lawson, Joe Taslim","55,000,000","83,508,259"
Radhe,178653,109,"Action, Crime, Thriller",1.9,NC16,0,Prabhu Deva,"Salman Khan, Disha Patani, Randeep Hooda, Jackie Shroff",9000000,183300000
Army of the Dead,177864,148,"Action, Crime, Drama",5.7,R21,1000000,Zack Snyder,"Dave Bautista, Ella Purnell, Ana de la Reguera, Omari Hardwick","90,000,000",0
CODA,145027,111,"Comedy, Drama, Music",8,NC16,0,Sian Heder,"Emilia Jones, Marlee Matlin, Troy Kotsur, Daniel Durant",10000000,2237618
F9,141591,143,"Action, Crime, Thriller",5.2,PG13,173202780,Justin Lin,"Vin Diesel, Michelle Rodriguez, Jordana Brewster, Tyrese Gibson",225000000,726200000
The Guilty,134418,90,"Crime, Drama, Thriller",6.3,NC16,0,Antoine Fuqua,"Jake Gyllenhaal, Riley Keough, Peter Sarsgaard, Christina Vidal",570671,4598051
Old,133709,108,"Drama, Horror, Mystery",5.8,PG13,48276510,M. Night Shyamalan,"Gael García Bernal, Vicky Krieps, Rufus Sewell, Alex Wolff",18000000,90146510
The Mitchells vs. the Machines,115293,114,"Animation, Adventure, Comedy",7.6,PG13,0,"Michael Rianda, Jeff Rowe","Abbi Jacobson, Danny McBride, Maya Rudolph, Michael Rianda",70000000,0
The Unforgivable,113285,112,"Crime, Drama",7.1,R21,0,Nora Fingscheidt,"Sandra Bullock, Viola Davis, Vincent D'Onofrio, Jon Bernthal",55000000,13023
The Batman,696232,176,"Action, Crime, Drama",7.8,PG13,369345583,Matt Reeves,"Robert Pattinson, Zoë Kravitz, Jeffrey Wright, Colin Farrell","200,000,000","766,039,263"
Top Gun: Maverick,580978,130,"Action, Drama",8.3,PG13,718732821,Joseph Kosinski,"Tom Cruise, Jennifer Connelly, Miles Teller, Val Kilmer","170,000,000","1,481,230,730"
Everything Everywhere All at Once,440824,139,"Action, Adventure, Comedy",7.9,M18,72861480,"Daniel Kwan, Daniel Scheinert","Michelle Yeoh, Stephanie Hsu, Jamie Lee Curtis, Ke Huy Quan",25000000,141194460
Doctor Strange in the Multiverse of Madness,436468,126,"Action, Adventure, Fantasy",6.9,PG13,411331607,Sam Raimi,"Benedict Cumberbatch, Elizabeth Olsen, Chiwetel Ejiofor, Benedict Wong","200,000,000","952,224,986"
Glass Onion,387875,139,"Comedy, Crime, Drama",7.1,NC16,0,Rian Johnson,"Daniel Craig, Edward Norton, Kate Hudson, Dave Bautista",40000000,15000000
Bullet Train,351755,127,"Action, Comedy, Thriller",7.3,M18,103368602,David Leitch,"Brad Pitt, Joey King, Aaron Taylor-Johnson, Brian Tyree Henry","85,900,000","238,534,963"
The Menu,308250,107,"Comedy, Horror, Thriller",7.2,R,0,Mark Mylod,"Ralph Fiennes, Anya Taylor-Joy, Nicholas Hoult, Hong Chau",30000000,79600000
Black Panther: Wakanda Forever,263810,161,"Action, Adventure, Drama",6.7,PG13,453721831,Ryan Coogler,"Letitia Wright, Lupita Nyong'o, Danai Gurira, Winston Duke","250,000,000","854,041,058"
Black Adam,243895,125,"Action, Adventure, Fantasy",6.3,PG13,168152111,Jaume Collet-Serra,"Dwayne Johnson, Aldis Hodge, Pierce Brosnan, Noah Centineo","200,000,000","391,261,706"
Uncharted,226196,116,"Action, Adventure",6.3,PG,148648820,Ruben Fleischer,"Tom Holland, Mark Wahlberg, Antonio Banderas, Sophia Ali","120,000,000","400,689,914"
Nope,225676,130,"Horror, Mystery, Sci-Fi",6.8,NC16,123277080,Jordan Peele,"Daniel Kaluuya, Keke Palmer, Brandon Perea, Michael Wincott","68,000,000","172,289,074"
The Gray Man,215681,122,"Action, Thriller",6.5,NC16,0,"Anthony Russo, Joe Russo","Ryan Gosling, Chris Evans, Ana de Armas, Billy Bob Thornton","200,000,000","451,178"
The Adam Project,212749,106,"Action, Adventure, Comedy",6.7,PG13,0,Shawn Levy,"Ryan Reynolds, Walker Scobell, Mark Ruffalo, Jennifer Garner",116000000,0
Jurassic World: Dominion,182343,147,"Action, Adventure, Sci-Fi",5.6,PG13,376851080,Colin Trevorrow,"Chris Pratt, Bryce Dallas Howard, Laura Dern, Sam Neill","165,000,000","1,003,700,604"
Barbarian,146240,102,"Horror, Mystery, Thriller",7,M18,0,Zach Cregger,"Georgina Campbell, Bill Skarsgård, Justin Long, Matthew Patrick Davis",4500000,45400000
The Whale,139339,117,Drama,7.7,M18,0,Darren Aronofsky,"Brendan Fraser, Sadie Sink, Ty Simpkins, Hong Chau",3000000,54800000
Morbius,135885,104,"Action, Adventure, Horror",5.2,PG13,73865530,Daniel Espinosa,"Jared Leto, Matt Smith, Adria Arjona, Jared Harris","75,000,000","162,759,437"
Scream,134818,114,"Horror, Mystery, Thriller",6.3,M18,81641405,"Matt Bettinelli-Olpin, Tyler Gillett","Neve Campbell, Courteney Cox, David Arquette, Melissa Barrera",24000000,1389000000
The Lost City,133324,112,"Action, Adventure, Comedy",6.1,PG13,105344029,"Aaron Nee, Adam Nee","Sandra Bullock, Channing Tatum, Daniel Radcliffe, Da'Vine Joy Randolph","74,000,000","182,921,990"
Hustle,130900,117,"Comedy, Drama, Sport",7.3,NC16,0,Jeremiah Zagar,"Adam Sandler, Queen Latifah, Juancho Hernangomez, Ben Foster",21000000,104900000
Triangle of Sadness,130635,147,"Comedy, Drama",7.3,NC16,0,Ruben Östlund,"Thobias Thorwid, Harris Dickinson, Charlbi Dean, Jiannis Moustos",15600000,26200000
Smile,125084,115,"Horror, Mystery, Thriller",6.5,M18,0,Parker Finn,"Sosie Bacon, Jessie T. Usher, Kyle Gallner, Robin Weigert",17000000,217400000
The Unbearable Weight of Massive Talent,121455,107,"Action, Comedy, Crime",7,R,0,Tom Gormican,"Nicolas Cage, Pedro Pascal, Tiffany Haddish, Sharon Horgan",30000000,29100000
Brahmastra Part One: Shiva,108343,167,"Action, Adventure, Fantasy",5.5,PG,0,Ayan Mukerji,"Amitabh Bachchan, Ranbir Kapoor, Alia Bhatt, Nagarjuna Akkineni",51000000,50164785
M3GAN,99666,102,"Horror, Sci-Fi, Thriller",6.4,PG13,93883550,Gerard Johnstone,"Allison Williams, Violet McGraw, Ronny Chieng, Amie Donald",12000000,179949165
Get Hard,,100,"Comedy, Crime,",6,R,90400000,Etan Cohen,"Will Ferrell, Kevin Hart, Alison Brie, T.I.",40000000,111700000
Jason Bourne,,123,"Action, Thriller",6.6,PG13,162400000,Paul Greengrass,"Matt Damon, Tommy Lee Jones, Alicia Vikander, Vincent Cassel",120000000,415500000